ordinal,scenario,dataset,dsm_mode_tag,batch_size,model,optimizer,learning_rate,epochs,num_classes,accuracy,precision,recall,macro_f1,macro_f2,mcc,mae,rmse,off_by_one_accuracy,qwk,linear_kappa,spearman,cm00,cm01,cm10,cm11,confusion_matrix_json,best_val_metric,best_val_epoch,monitor_metric,train_time_sec,num_test_samples,predictions_csv,result_dir
True,5,dataset_16,dsm_density_uncertainty,256,FUJITA,Adam,0.0001,100,5,0.5594170403587444,0.5042058970077554,0.46893831549234444,0.4708793030678759,0.46689048703140773,0.6638180708485277,0.5814648729446936,0.9731062249120754,0.8938714499252616,0.5293117120238825,0.42862035861487513,0.5224057501259469,0,0,0,0,"[[312, 51, 14, 5, 3], [171, 942, 246, 34, 8], [19, 287, 136, 24, 7], [11, 109, 87, 30, 10], [16, 31, 27, 19, 77]]",0.600199322315162,37,val_qwk,12.85806679725647,2676,results/scenario_5/FUJITA/dataset_16/dsm_density_uncertainty/Adam_lr0.0001_bs256/predictions.csv,results/scenario_5/FUJITA/dataset_16/dsm_density_uncertainty/Adam_lr0.0001_bs256
True,5,dataset_16,dsm_density_uncertainty,128,FUJITA,Adam,0.0001,100,5,0.5403587443946188,0.4871930813232983,0.4684305144858172,0.46477724973103196,0.4640653782685192,0.6570967434604595,0.6053811659192825,0.98910356358259,0.8893871449925261,0.5294084456180739,0.42134222995583626,0.5154300641549827,0,0,0,0,"[[309, 49, 17, 8, 2], [201, 882, 262, 48, 8], [26, 263, 141, 34, 9], [14, 91, 98, 32, 12], [13, 34, 26, 15, 82]]",0.5891639686945407,26,val_qwk,11.649173974990845,2676,results/scenario_5/FUJITA/dataset_16/dsm_density_uncertainty/Adam_lr0.0001_bs128/predictions.csv,results/scenario_5/FUJITA/dataset_16/dsm_density_uncertainty/Adam_lr0.0001_bs128
True,5,dataset_16,dsm_density_uncertainty,64,FUJITA,Adam,0.0001,100,5,0.5246636771300448,0.518473221147444,0.4730883644051291,0.47836583463207727,0.47142891987688673,0.6588485390129792,0.601644245142003,0.9626818543866511,0.9020926756352765,0.5414353279868394,0.42928160665263226,0.525657579535592,0,0,0,0,"[[298, 61, 19, 4, 3], [126, 789, 415, 64, 7], [13, 206, 203, 45, 6], [6, 70, 127, 39, 5], [18, 17, 35, 25, 75]]",0.6042178275572969,11,val_qwk,11.208759307861328,2676,results/scenario_5/FUJITA/dataset_16/dsm_density_uncertainty/Adam_lr0.0001_bs64/predictions.csv,results/scenario_5/FUJITA/dataset_16/dsm_density_uncertainty/Adam_lr0.0001_bs64
True,5,dataset_16,dsm_density_uncertainty,256,FUJITA,Adam,0.001,100,5,0.5396113602391629,0.508188117850517,0.4736938978601638,0.4665641036095409,0.4658828434686219,0.6680417934432775,0.5949177877428998,0.9784677322932083,0.9020926756352765,0.5234708890912912,0.43080139551587915,0.5290649667954921,0,0,0,0,"[[328, 42, 12, 2, 1], [161, 813, 382, 39, 6], [20, 210, 208, 25, 10], [11, 73, 118, 34, 11], [26, 25, 37, 21, 61]]",0.5882858058032858,9,val_qwk,5.6165452003479,2676,results/scenario_5/FUJITA/dataset_16/dsm_density_uncertainty/Adam_lr0.001_bs256/predictions.csv,results/scenario_5/FUJITA/dataset_16/dsm_density_uncertainty/Adam_lr0.001_bs256
True,5,dataset_16,dsm_density_uncertainty,128,FUJITA,Adam,0.001,100,5,0.5597907324364724,0.5114774042991435,0.4629270082452064,0.47463035867595876,0.46546615280844295,0.666762613298295,0.577727952167414,0.9653952775177185,0.8949925261584455,0.5250132376804169,0.42959297294703735,0.5190397698460207,0,0,0,0,"[[284, 75, 15, 8, 3], [109, 938, 300, 46, 8], [14, 247, 173, 29, 10], [8, 90, 105, 35, 9], [16, 25, 38, 23, 68]]",0.5747773453757327,10,val_qwk,7.4653801918029785,2676,results/scenario_5/FUJITA/dataset_16/dsm_density_uncertainty/Adam_lr0.001_bs128/predictions.csv,results/scenario_5/FUJITA/dataset_16/dsm_density_uncertainty/Adam_lr0.001_bs128
True,5,dataset_16,dsm_density_uncertainty,64,FUJITA,Adam,0.001,100,5,0.5164424514200299,0.5507393335440413,0.4505717153502077,0.4627915436445952,0.4475748580607525,0.6554130107605157,0.5930493273542601,0.93890340896188,0.9185351270553064,0.5227906284783297,0.41364712171799756,0.5191034985743039,0,0,0,0,"[[259, 103, 19, 2, 2], [72, 762, 534, 30, 3], [5, 169, 272, 20, 7], [6, 58, 146, 34, 3], [16, 28, 42, 29, 55]]",0.5816606354752769,7,val_qwk,9.186569213867188,2676,results/scenario_5/FUJITA/dataset_16/dsm_density_uncertainty/Adam_lr0.001_bs64/predictions.csv,results/scenario_5/FUJITA/dataset_16/dsm_density_uncertainty/Adam_lr0.001_bs64
True,5,dataset_16,dsm_density_uncertainty,256,FUJITA,SGD,0.0001,100,5,0.4633781763826607,0.15506792058516194,0.2372924719819795,0.18697728860276763,0.2139614139172573,0.5382365345798563,0.8363228699551569,1.2967707390960765,0.804185351270553,0.030179912015524835,0.05078227527416712,0.08106146225613733,0,0,0,0,"[[160, 225, 0, 0, 0], [321, 1080, 0, 0, 0], [107, 366, 0, 0, 0], [57, 190, 0, 0, 0], [51, 119, 0, 0, 0]]",0.04462937329220262,3,val_qwk,3.8689377307891846,2676,results/scenario_5/FUJITA/dataset_16/dsm_density_uncertainty/SGD_lr0.0001_bs256/predictions.csv,results/scenario_5/FUJITA/dataset_16/dsm_density_uncertainty/SGD_lr0.0001_bs256
True,5,dataset_16,dsm_density_uncertainty,128,FUJITA,SGD,0.0001,100,5,0.523542600896861,0.1047085201793722,0.2,0.1374540103016924,0.16920289855072465,0.5,0.695814648729447,1.1232027663826183,0.844170403587444,0.0,0.0,,0,0,0,0,"[[0, 385, 0, 0, 0], [0, 1401, 0, 0, 0], [0, 473, 0, 0, 0], [0, 247, 0, 0, 0], [0, 170, 0, 0, 0]]",0.0,1,val_qwk,3.908745288848877,2676,results/scenario_5/FUJITA/dataset_16/dsm_density_uncertainty/SGD_lr0.0001_bs128/predictions.csv,results/scenario_5/FUJITA/dataset_16/dsm_density_uncertainty/SGD_lr0.0001_bs128
True,5,dataset_16,dsm_density_uncertainty,64,FUJITA,SGD,0.0001,100,5,0.523542600896861,0.1047085201793722,0.2,0.1374540103016924,0.16920289855072465,0.5,0.695814648729447,1.1232027663826183,0.844170403587444,0.0,0.0,,0,0,0,0,"[[0, 385, 0, 0, 0], [0, 1401, 0, 0, 0], [0, 473, 0, 0, 0], [0, 247, 0, 0, 0], [0, 170, 0, 0, 0]]",0.0,1,val_qwk,5.617304801940918,2676,results/scenario_5/FUJITA/dataset_16/dsm_density_uncertainty/SGD_lr0.0001_bs64/predictions.csv,results/scenario_5/FUJITA/dataset_16/dsm_density_uncertainty/SGD_lr0.0001_bs64
True,5,dataset_16,dsm_density_uncertainty,256,FUJITA,SGD,0.001,100,5,0.523542600896861,0.1047085201793722,0.2,0.1374540103016924,0.16920289855072465,0.5,0.695814648729447,1.1232027663826183,0.844170403587444,0.0,0.0,,0,0,0,0,"[[0, 385, 0, 0, 0], [0, 1401, 0, 0, 0], [0, 473, 0, 0, 0], [0, 247, 0, 0, 0], [0, 170, 0, 0, 0]]",0.0,2,val_qwk,3.258263111114502,2676,results/scenario_5/FUJITA/dataset_16/dsm_density_uncertainty/SGD_lr0.001_bs256/predictions.csv,results/scenario_5/FUJITA/dataset_16/dsm_density_uncertainty/SGD_lr0.001_bs256
True,5,dataset_16,dsm_density_uncertainty,128,FUJITA,SGD,0.001,100,5,0.523542600896861,0.1047085201793722,0.2,0.1374540103016924,0.16920289855072465,0.5,0.695814648729447,1.1232027663826183,0.844170403587444,0.0,0.0,,0,0,0,0,"[[0, 385, 0, 0, 0], [0, 1401, 0, 0, 0], [0, 473, 0, 0, 0], [0, 247, 0, 0, 0], [0, 170, 0, 0, 0]]",0.0,1,val_qwk,3.8973987102508545,2676,results/scenario_5/FUJITA/dataset_16/dsm_density_uncertainty/SGD_lr0.001_bs128/predictions.csv,results/scenario_5/FUJITA/dataset_16/dsm_density_uncertainty/SGD_lr0.001_bs128
True,5,dataset_16,dsm_density_uncertainty,64,FUJITA,SGD,0.001,100,5,0.523542600896861,0.1047085201793722,0.2,0.1374540103016924,0.16920289855072465,0.5,0.695814648729447,1.1232027663826183,0.844170403587444,0.0,0.0,,0,0,0,0,"[[0, 385, 0, 0, 0], [0, 1401, 0, 0, 0], [0, 473, 0, 0, 0], [0, 247, 0, 0, 0], [0, 170, 0, 0, 0]]",0.0,1,val_qwk,5.421982526779175,2676,results/scenario_5/FUJITA/dataset_16/dsm_density_uncertainty/SGD_lr0.001_bs64/predictions.csv,results/scenario_5/FUJITA/dataset_16/dsm_density_uncertainty/SGD_lr0.001_bs64
True,5,dataset_16,dsm_density_uncertainty,256,FUJITA,RMSprop,0.0001,100,5,0.5205530642750373,0.499032861276436,0.4618131294891284,0.4708483763170106,0.46324362584431505,0.6501433825520626,0.6218236173393124,0.99023634146508,0.8882660687593423,0.5187000215500578,0.40847486266845623,0.49718526943798674,0,0,0,0,"[[285, 59, 29, 6, 6], [110, 819, 393, 67, 12], [12, 232, 170, 51, 8], [6, 80, 112, 41, 8], [11, 24, 38, 19, 78]]",0.5735339975268511,43,val_qwk,12.914442300796509,2676,results/scenario_5/FUJITA/dataset_16/dsm_density_uncertainty/RMSprop_lr0.0001_bs256/predictions.csv,results/scenario_5/FUJITA/dataset_16/dsm_density_uncertainty/RMSprop_lr0.0001_bs256
True,5,dataset_16,dsm_density_uncertainty,128,FUJITA,RMSprop,0.0001,100,5,0.5347533632286996,0.5120557359748877,0.4689085085334578,0.4809366086155961,0.47164237044601354,0.6574646295529075,0.6046337817638266,0.9757906609774569,0.8893871449925261,0.5284066198562489,0.41997053346011604,0.5038233233405822,0,0,0,0,"[[282, 63, 28, 7, 5], [98, 854, 374, 67, 8], [12, 229, 175, 50, 7], [7, 83, 107, 40, 10], [10, 25, 37, 18, 80]]",0.6025195469000012,36,val_qwk,13.335394859313965,2676,results/scenario_5/FUJITA/dataset_16/dsm_density_uncertainty/RMSprop_lr0.0001_bs128/predictions.csv,results/scenario_5/FUJITA/dataset_16/dsm_density_uncertainty/RMSprop_lr0.0001_bs128
True,5,dataset_16,dsm_density_uncertainty,64,FUJITA,RMSprop,0.0001,100,5,0.5347533632286996,0.5141152493382867,0.4782049353691017,0.4860530146690653,0.479171400329147,0.6590708610674072,0.601270553064275,0.9721457013092178,0.8931240657698056,0.5385130905475568,0.4281651839395324,0.5154402413728439,0,0,0,0,"[[292, 63, 23, 5, 2], [121, 838, 367, 68, 7], [14, 231, 172, 45, 11], [7, 79, 104, 48, 9], [16, 23, 31, 19, 81]]",0.6064384979292184,41,val_qwk,21.07578682899475,2676,results/scenario_5/FUJITA/dataset_16/dsm_density_uncertainty/RMSprop_lr0.0001_bs64/predictions.csv,results/scenario_5/FUJITA/dataset_16/dsm_density_uncertainty/RMSprop_lr0.0001_bs64
True,5,dataset_16,dsm_density_uncertainty,256,FUJITA,RMSprop,0.001,100,5,0.5519431988041853,0.49291732779545755,0.45620697845079816,0.4633876001947831,0.45706587125438025,0.6622777399967668,0.5949177877428998,0.9879694868898589,0.8893871449925261,0.5052324356648251,0.4149683891180236,0.5048380739185209,0,0,0,0,"[[290, 65, 23, 4, 3], [108, 920, 318, 43, 12], [13, 241, 172, 36, 11], [7, 95, 105, 28, 12], [17, 34, 34, 18, 67]]",0.5566065157985295,23,val_qwk,8.323210000991821,2676,results/scenario_5/FUJITA/dataset_16/dsm_density_uncertainty/RMSprop_lr0.001_bs256/predictions.csv,results/scenario_5/FUJITA/dataset_16/dsm_density_uncertainty/RMSprop_lr0.001_bs256
True,5,dataset_16,dsm_density_uncertainty,128,FUJITA,RMSprop,0.001,100,5,0.5246636771300448,0.48118602767906626,0.4509344028194079,0.45495547368752715,0.44978788179951207,0.6553968191949995,0.6195814648729447,1.0007471050724612,0.8934977578475336,0.5025486847055611,0.40892635758984985,0.5092034746714316,0,0,0,0,"[[282, 75, 21, 2, 5], [91, 818, 403, 73, 16], [7, 202, 209, 44, 11], [6, 63, 130, 34, 14], [19, 29, 33, 28, 61]]",0.5721065933576204,11,val_qwk,7.207160711288452,2676,results/scenario_5/FUJITA/dataset_16/dsm_density_uncertainty/RMSprop_lr0.001_bs128/predictions.csv,results/scenario_5/FUJITA/dataset_16/dsm_density_uncertainty/RMSprop_lr0.001_bs128
True,5,dataset_16,dsm_density_uncertainty,64,FUJITA,RMSprop,0.001,100,5,0.5497010463378177,0.5400069256521244,0.4461961485894834,0.457122060552849,0.44584505298242333,0.6618709048001448,0.57847533632287,0.9622935979262595,0.9088191330343797,0.49440046552992456,0.4105777193446766,0.5037990568904436,0,0,0,0,"[[285, 78, 18, 1, 3], [94, 899, 386, 18, 4], [10, 235, 212, 8, 8], [6, 78, 138, 22, 3], [20, 42, 36, 19, 53]]",0.5681414105604025,7,val_qwk,8.3785982131958,2676,results/scenario_5/FUJITA/dataset_16/dsm_density_uncertainty/RMSprop_lr0.001_bs64/predictions.csv,results/scenario_5/FUJITA/dataset_16/dsm_density_uncertainty/RMSprop_lr0.001_bs64
True,5,dataset_16,dsm_density_uncertainty,256,FUJITA,Nadam,0.0001,100,5,0.5459641255605381,0.49003404608083284,0.4672410094205075,0.4666359865028755,0.4644649209260156,0.6577120911826891,0.5990284005979073,0.9866447498878791,0.8897608370702541,0.5278253950062464,0.42241172231563784,0.5177128069531478,0,0,0,0,"[[310, 51, 15, 5, 4], [181, 908, 254, 48, 10], [23, 280, 128, 33, 9], [10, 100, 93, 35, 9], [16, 28, 27, 19, 80]]",0.5908133927844124,39,val_qwk,13.826512575149536,2676,results/scenario_5/FUJITA/dataset_16/dsm_density_uncertainty/Nadam_lr0.0001_bs256/predictions.csv,results/scenario_5/FUJITA/dataset_16/dsm_density_uncertainty/Nadam_lr0.0001_bs256
True,5,dataset_16,dsm_density_uncertainty,128,FUJITA,Nadam,0.0001,100,5,0.5171898355754858,0.49354807099431575,0.4571639051911811,0.46526746402553004,0.45808857684917526,0.6477380158038398,0.6199551569506726,0.9805660181721682,0.8923766816143498,0.527025567767319,0.4093172670244172,0.5000229219063728,0,0,0,0,"[[278, 68, 24, 10, 5], [119, 818, 395, 56, 13], [19, 223, 173, 51, 7], [8, 77, 121, 34, 7], [6, 26, 37, 20, 81]]",0.5830860222703987,16,val_qwk,10.651703119277954,2676,results/scenario_5/FUJITA/dataset_16/dsm_density_uncertainty/Nadam_lr0.0001_bs128/predictions.csv,results/scenario_5/FUJITA/dataset_16/dsm_density_uncertainty/Nadam_lr0.0001_bs128
True,5,dataset_16,dsm_density_uncertainty,64,FUJITA,Nadam,0.0001,100,5,0.5833333333333334,0.5270698636250339,0.4665766024296114,0.47321052118923534,0.4657758835938638,0.6734736695967979,0.5594170403587444,0.9644270742077251,0.8931240657698056,0.5190438187633282,0.4308916339633062,0.5262588637879307,0,0,0,0,"[[318, 48, 12, 5, 2], [148, 1026, 199, 24, 4], [19, 312, 122, 14, 6], [11, 126, 82, 23, 5], [16, 40, 21, 21, 72]]",0.5960581911383751,23,val_qwk,19.13657236099243,2676,results/scenario_5/FUJITA/dataset_16/dsm_density_uncertainty/Nadam_lr0.0001_bs64/predictions.csv,results/scenario_5/FUJITA/dataset_16/dsm_density_uncertainty/Nadam_lr0.0001_bs64
True,5,dataset_16,dsm_density_uncertainty,256,FUJITA,Nadam,0.001,100,5,0.5392376681614349,0.5205129180543473,0.44971874418733837,0.45978667885795027,0.44989026691930584,0.6560830641219099,0.585949177877429,0.9552779981825495,0.906203288490284,0.5225911087343403,0.41777250494328233,0.5156351855085568,0,0,0,0,"[[292, 74, 14, 4, 1], [126, 875, 360, 35, 5], [17, 240, 188, 24, 4], [6, 83, 126, 27, 5], [17, 33, 32, 27, 61]]",0.5785240289409287,5,val_qwk,5.714059591293335,2676,results/scenario_5/FUJITA/dataset_16/dsm_density_uncertainty/Nadam_lr0.001_bs256/predictions.csv,results/scenario_5/FUJITA/dataset_16/dsm_density_uncertainty/Nadam_lr0.001_bs256
True,5,dataset_16,dsm_density_uncertainty,128,FUJITA,Nadam,0.001,100,5,0.5429745889387145,0.5232799734488319,0.47341245089029715,0.4831549150519261,0.4745454943020458,0.6642553167135259,0.5982810164424515,0.9782767558627188,0.8901345291479821,0.5229522177885848,0.4252982850471013,0.5155220481156979,0,0,0,0,"[[287, 72, 21, 3, 2], [116, 853, 352, 73, 7], [15, 207, 196, 47, 8], [8, 82, 103, 49, 5], [16, 30, 29, 27, 68]]",0.5830729991709782,4,val_qwk,6.965474367141724,2676,results/scenario_5/FUJITA/dataset_16/dsm_density_uncertainty/Nadam_lr0.001_bs128/predictions.csv,results/scenario_5/FUJITA/dataset_16/dsm_density_uncertainty/Nadam_lr0.001_bs128
True,5,dataset_16,dsm_density_uncertainty,64,FUJITA,Nadam,0.001,100,5,0.5422272047832586,0.5102261376786499,0.4729048996677886,0.4775204816320041,0.47146357501326036,0.6661892501930767,0.5960388639760837,0.9755991605024547,0.8946188340807175,0.5198479354883978,0.4243497226959868,0.5132730551520138,0,0,0,0,"[[291, 62, 20, 8, 4], [96, 835, 407, 54, 9], [8, 200, 224, 31, 10], [3, 84, 117, 30, 13], [14, 32, 36, 17, 71]]",0.596181140324922,11,val_qwk,13.941693305969238,2676,results/scenario_5/FUJITA/dataset_16/dsm_density_uncertainty/Nadam_lr0.001_bs64/predictions.csv,results/scenario_5/FUJITA/dataset_16/dsm_density_uncertainty/Nadam_lr0.001_bs64
True,5,dataset_16,dsm_density_uncertainty,256,FUJITA,Adamax,0.0001,100,5,0.5164424514200299,0.5029174456759367,0.4456995642935528,0.4503510388178489,0.44356356319347323,0.6481996022574794,0.6278026905829597,0.9955055952301469,0.8856502242152466,0.49981816059717743,0.3956142346205408,0.4900886742982402,0,0,0,0,"[[290, 60, 30, 2, 3], [153, 801, 377, 64, 6], [17, 216, 196, 40, 4], [8, 94, 103, 38, 4], [17, 24, 37, 35, 57]]",0.5643042869803568,32,val_qwk,10.859187602996826,2676,results/scenario_5/FUJITA/dataset_16/dsm_density_uncertainty/Adamax_lr0.0001_bs256/predictions.csv,results/scenario_5/FUJITA/dataset_16/dsm_density_uncertainty/Adamax_lr0.0001_bs256
True,5,dataset_16,dsm_density_uncertainty,128,FUJITA,Adamax,0.0001,100,5,0.5523168908819133,0.5121398978287808,0.4612479911496695,0.4721627536496623,0.4631953176038442,0.6614278934663087,0.5758594917787743,0.9468301296797421,0.898729446935725,0.5417500760213632,0.4305131203677669,0.5208356692742783,0,0,0,0,"[[295, 62, 21, 4, 3], [118, 920, 316, 40, 7], [14, 262, 163, 28, 6], [8, 100, 105, 27, 7], [11, 25, 32, 29, 73]]",0.5947360322108781,53,val_qwk,18.78598976135254,2676,results/scenario_5/FUJITA/dataset_16/dsm_density_uncertainty/Adamax_lr0.0001_bs128/predictions.csv,results/scenario_5/FUJITA/dataset_16/dsm_density_uncertainty/Adamax_lr0.0001_bs128
True,5,dataset_16,dsm_density_uncertainty,64,FUJITA,Adamax,0.0001,100,5,0.54745889387145,0.5170900945803423,0.4531127765584254,0.46218764623677516,0.4533292932356213,0.6571936665777429,0.5896860986547086,0.9681010954139573,0.8923766816143498,0.5168414887202197,0.4135740181696831,0.5082367584786202,0,0,0,0,"[[302, 59, 17, 4, 3], [148, 913, 297, 39, 4], [19, 269, 157, 24, 4], [9, 110, 98, 27, 3], [16, 24, 39, 25, 66]]",0.5855628447564687,39,val_qwk,22.259543418884277,2676,results/scenario_5/FUJITA/dataset_16/dsm_density_uncertainty/Adamax_lr0.0001_bs64/predictions.csv,results/scenario_5/FUJITA/dataset_16/dsm_density_uncertainty/Adamax_lr0.0001_bs64
True,5,dataset_16,dsm_density_uncertainty,256,FUJITA,Adamax,0.001,100,5,0.5205530642750373,0.5278000460387002,0.48811218767527914,0.49144896281728656,0.485486533281888,0.6621815607104178,0.6109865470852018,0.9690656279790053,0.8953662182361734,0.5443240021499098,0.4312937032941151,0.5323728503492421,0,0,0,0,"[[288, 68, 21, 5, 3], [121, 747, 445, 81, 7], [14, 172, 222, 58, 7], [5, 60, 114, 60, 8], [12, 25, 40, 17, 76]]",0.6027291812645805,16,val_qwk,7.224960803985596,2676,results/scenario_5/FUJITA/dataset_16/dsm_density_uncertainty/Adamax_lr0.001_bs256/predictions.csv,results/scenario_5/FUJITA/dataset_16/dsm_density_uncertainty/Adamax_lr0.001_bs256
True,5,dataset_16,dsm_density_uncertainty,128,FUJITA,Adamax,0.001,100,5,0.5384902840059791,0.5228076255901402,0.4633785544784512,0.4731292672653165,0.463906612400269,0.6588574294707533,0.593796711509716,0.968294078789823,0.9002242152466368,0.5222963979293793,0.42101156761199354,0.5130582898211646,0,0,0,0,"[[298, 67, 14, 5, 1], [121, 850, 374, 51, 5], [12, 233, 189, 33, 6], [9, 86, 104, 41, 7], [18, 30, 30, 29, 63]]",0.5943309435323393,11,val_qwk,7.341507196426392,2676,results/scenario_5/FUJITA/dataset_16/dsm_density_uncertainty/Adamax_lr0.001_bs128/predictions.csv,results/scenario_5/FUJITA/dataset_16/dsm_density_uncertainty/Adamax_lr0.001_bs128
True,5,dataset_16,dsm_density_uncertainty,64,FUJITA,Adamax,0.001,100,5,0.5747384155455905,0.5373035173100991,0.4756995773036505,0.49241857464204913,0.48016540962764254,0.6741507665995343,0.5564275037369207,0.9444590989220347,0.8998505231689088,0.5388071042460338,0.44301792350576175,0.5277911565482565,0,0,0,0,"[[288, 73, 16, 6, 2], [91, 969, 298, 36, 7], [11, 257, 172, 23, 10], [6, 98, 99, 36, 8], [13, 34, 29, 21, 73]]",0.5949774695038921,10,val_qwk,10.202790021896362,2676,results/scenario_5/FUJITA/dataset_16/dsm_density_uncertainty/Adamax_lr0.001_bs64/predictions.csv,results/scenario_5/FUJITA/dataset_16/dsm_density_uncertainty/Adamax_lr0.001_bs64
True,5,dataset_16,dsm_density,256,FUJITA,Adam,0.0001,100,5,0.5160687593423019,0.5081798629594758,0.4583935469392927,0.4593319774415415,0.45412422863829194,0.6502169363328614,0.6139760837070254,0.974449367338666,0.9009715994020927,0.5254917855010471,0.411804871966593,0.5146885924126023,0,0,0,0,"[[304, 62, 11, 6, 2], [173, 783, 398, 40, 7], [19, 219, 193, 38, 4], [13, 82, 116, 32, 4], [16, 21, 44, 20, 69]]",0.5746132451984223,20,val_qwk,8.161871433258057,2676,results/scenario_5/FUJITA/dataset_16/dsm_density/Adam_lr0.0001_bs256/predictions.csv,results/scenario_5/FUJITA/dataset_16/dsm_density/Adam_lr0.0001_bs256
True,5,dataset_16,dsm_density,128,FUJITA,Adam,0.0001,100,5,0.5571748878923767,0.5096985864213863,0.4562133314045716,0.46189946063466225,0.45531370110527947,0.6611473625130376,0.5766068759342302,0.9597661025475958,0.898729446935725,0.5249952257135723,0.4227655074169706,0.5241757845500251,0,0,0,0,"[[311, 57, 10, 4, 3], [149, 944, 269, 35, 4], [16, 286, 147, 20, 4], [13, 103, 107, 19, 5], [13, 34, 32, 21, 70]]",0.5833085526760167,51,val_qwk,17.70378875732422,2676,results/scenario_5/FUJITA/dataset_16/dsm_density/Adam_lr0.0001_bs128/predictions.csv,results/scenario_5/FUJITA/dataset_16/dsm_density/Adam_lr0.0001_bs128
True,5,dataset_16,dsm_density,64,FUJITA,Adam,0.0001,100,5,0.5538116591928252,0.48878516356305096,0.4529228013178571,0.4582769828450223,0.4529052656720845,0.657973874724785,0.5904334828101644,0.9818989563789732,0.89050822122571,0.5147496407052299,0.4158416115171528,0.5086530274149763,0,0,0,0,"[[297, 69, 13, 2, 4], [142, 951, 258, 42, 8], [20, 276, 137, 31, 9], [11, 112, 91, 25, 8], [17, 30, 25, 26, 72]]",0.5856154552504366,49,val_qwk,26.1438946723938,2676,results/scenario_5/FUJITA/dataset_16/dsm_density/Adam_lr0.0001_bs64/predictions.csv,results/scenario_5/FUJITA/dataset_16/dsm_density/Adam_lr0.0001_bs64
True,5,dataset_16,dsm_density,256,FUJITA,Adam,0.001,100,5,0.554932735426009,0.5095281754054424,0.4504860039834971,0.46156884605741977,0.4521487406382175,0.661299649615981,0.5661434977578476,0.9361131994967531,0.905829596412556,0.5394538106347433,0.4303355648869507,0.5303433448692222,0,0,0,0,"[[290, 75, 14, 2, 4], [108, 940, 320, 30, 3], [10, 261, 170, 27, 5], [8, 97, 117, 17, 8], [15, 21, 43, 23, 68]]",0.5835666120251553,15,val_qwk,6.947398900985718,2676,results/scenario_5/FUJITA/dataset_16/dsm_density/Adam_lr0.001_bs256/predictions.csv,results/scenario_5/FUJITA/dataset_16/dsm_density/Adam_lr0.001_bs256
True,5,dataset_16,dsm_density,128,FUJITA,Adam,0.001,100,5,0.5287742899850523,0.48930897691130026,0.44901702754662354,0.4563243914303167,0.44909139785271057,0.6540471288915459,0.5971599402092675,0.9576222421938594,0.9017189835575485,0.535178320858631,0.4206800355917012,0.5262899144682375,0,0,0,0,"[[280, 82, 18, 2, 3], [97, 842, 403, 50, 9], [11, 216, 199, 32, 15], [5, 74, 124, 31, 13], [14, 24, 38, 31, 63]]",0.5835018870542704,12,val_qwk,8.112818479537964,2676,results/scenario_5/FUJITA/dataset_16/dsm_density/Adam_lr0.001_bs128/predictions.csv,results/scenario_5/FUJITA/dataset_16/dsm_density/Adam_lr0.001_bs128
True,5,dataset_16,dsm_density,64,FUJITA,Adam,0.001,100,5,0.5220478325859492,0.5292192688375007,0.44329509812552104,0.46063129677600034,0.4445521215310605,0.6514296922605617,0.5915545590433483,0.9377086215311617,0.9110612855007474,0.5290785908588732,0.41191761059165466,0.5135348642897882,0,0,0,0,"[[238, 112, 28, 4, 3], [70, 826, 470, 29, 6], [6, 190, 239, 29, 9], [4, 64, 146, 27, 6], [12, 22, 51, 18, 67]]",0.5838210034390334,7,val_qwk,9.208560466766357,2676,results/scenario_5/FUJITA/dataset_16/dsm_density/Adam_lr0.001_bs64/predictions.csv,results/scenario_5/FUJITA/dataset_16/dsm_density/Adam_lr0.001_bs64
True,5,dataset_16,dsm_density,256,FUJITA,SGD,0.0001,100,5,0.523542600896861,0.1047085201793722,0.2,0.1374540103016924,0.16920289855072465,0.5,0.695814648729447,1.1232027663826183,0.844170403587444,0.0,0.0,,0,0,0,0,"[[0, 385, 0, 0, 0], [0, 1401, 0, 0, 0], [0, 473, 0, 0, 0], [0, 247, 0, 0, 0], [0, 170, 0, 0, 0]]",0.0,1,val_qwk,3.199627161026001,2676,results/scenario_5/FUJITA/dataset_16/dsm_density/SGD_lr0.0001_bs256/predictions.csv,results/scenario_5/FUJITA/dataset_16/dsm_density/SGD_lr0.0001_bs256
True,5,dataset_16,dsm_density,128,FUJITA,SGD,0.0001,100,5,0.523542600896861,0.1047085201793722,0.2,0.1374540103016924,0.16920289855072465,0.5,0.695814648729447,1.1232027663826183,0.844170403587444,0.0,0.0,,0,0,0,0,"[[0, 385, 0, 0, 0], [0, 1401, 0, 0, 0], [0, 473, 0, 0, 0], [0, 247, 0, 0, 0], [0, 170, 0, 0, 0]]",0.0,2,val_qwk,4.1813881397247314,2676,results/scenario_5/FUJITA/dataset_16/dsm_density/SGD_lr0.0001_bs128/predictions.csv,results/scenario_5/FUJITA/dataset_16/dsm_density/SGD_lr0.0001_bs128
True,5,dataset_16,dsm_density,64,FUJITA,SGD,0.0001,100,5,0.4431988041853513,0.1493840865566751,0.2299604178833301,0.180040370130353,0.20649136995988088,0.5245942505658445,0.8538863976083707,1.297202923990294,0.8019431988041853,0.04779564809643333,0.044984586146867955,0.10856486158224019,0,0,0,0,"[[161, 224, 0, 0, 0], [376, 1025, 0, 0, 0], [113, 360, 0, 0, 0], [46, 201, 0, 0, 0], [49, 121, 0, 0, 0]]",0.05035558902408743,1,val_qwk,5.606378555297852,2676,results/scenario_5/FUJITA/dataset_16/dsm_density/SGD_lr0.0001_bs64/predictions.csv,results/scenario_5/FUJITA/dataset_16/dsm_density/SGD_lr0.0001_bs64
True,5,dataset_16,dsm_density,256,FUJITA,SGD,0.001,100,5,0.523542600896861,0.1047085201793722,0.2,0.1374540103016924,0.16920289855072465,0.5,0.695814648729447,1.1232027663826183,0.844170403587444,0.0,0.0,,0,0,0,0,"[[0, 385, 0, 0, 0], [0, 1401, 0, 0, 0], [0, 473, 0, 0, 0], [0, 247, 0, 0, 0], [0, 170, 0, 0, 0]]",0.0,1,val_qwk,2.9795656204223633,2676,results/scenario_5/FUJITA/dataset_16/dsm_density/SGD_lr0.001_bs256/predictions.csv,results/scenario_5/FUJITA/dataset_16/dsm_density/SGD_lr0.001_bs256
True,5,dataset_16,dsm_density,128,FUJITA,SGD,0.001,100,5,0.47197309417040356,0.13778830719990745,0.20328003188816895,0.16212190356385328,0.18386845505533533,0.49900845730967003,0.7840059790732437,1.2090837059822404,0.8228699551569507,0.028359236298753365,0.00896936660865022,0.05556991528070524,0,0,0,0,"[[61, 324, 0, 0, 0], [199, 1202, 0, 0, 0], [57, 416, 0, 0, 0], [30, 217, 0, 0, 0], [11, 159, 0, 0, 0]]",0.03164044928574883,1,val_qwk,3.968508720397949,2676,results/scenario_5/FUJITA/dataset_16/dsm_density/SGD_lr0.001_bs128/predictions.csv,results/scenario_5/FUJITA/dataset_16/dsm_density/SGD_lr0.001_bs128
True,5,dataset_16,dsm_density,64,FUJITA,SGD,0.001,100,5,0.523542600896861,0.1047085201793722,0.2,0.1374540103016924,0.16920289855072465,0.5,0.695814648729447,1.1232027663826183,0.844170403587444,0.0,0.0,,0,0,0,0,"[[0, 385, 0, 0, 0], [0, 1401, 0, 0, 0], [0, 473, 0, 0, 0], [0, 247, 0, 0, 0], [0, 170, 0, 0, 0]]",0.0,1,val_qwk,5.723649501800537,2676,results/scenario_5/FUJITA/dataset_16/dsm_density/SGD_lr0.001_bs64/predictions.csv,results/scenario_5/FUJITA/dataset_16/dsm_density/SGD_lr0.001_bs64
True,5,dataset_16,dsm_density,256,FUJITA,RMSprop,0.0001,100,5,0.5138266068759342,0.4765477283304622,0.4069132474402678,0.4091724851599311,0.40299419201762987,0.6387060239529551,0.6165919282511211,0.9792312655598396,0.9017189835575485,0.47123681598843825,0.37284670836136213,0.47226776026087863,0,0,0,0,"[[258, 98, 23, 1, 5], [114, 844, 418, 21, 4], [15, 217, 222, 18, 1], [8, 93, 139, 4, 3], [18, 27, 47, 31, 47]]",0.5234795049368282,30,val_qwk,9.851327419281006,2676,results/scenario_5/FUJITA/dataset_16/dsm_density/RMSprop_lr0.0001_bs256/predictions.csv,results/scenario_5/FUJITA/dataset_16/dsm_density/RMSprop_lr0.0001_bs256
True,5,dataset_16,dsm_density,128,FUJITA,RMSprop,0.0001,100,5,0.5384902840059791,0.5244889566331159,0.4418087174554658,0.4586160995752886,0.4448181573519595,0.6508469213547898,0.5736173393124065,0.9268862317979278,0.9136771300448431,0.5366104976395631,0.41725780361778364,0.5198668961350367,0,0,0,0,"[[265, 104, 9, 5, 2], [91, 896, 389, 17, 8], [10, 248, 194, 16, 5], [4, 91, 129, 19, 4], [11, 26, 43, 23, 67]]",0.5722420572085256,37,val_qwk,13.578168153762817,2676,results/scenario_5/FUJITA/dataset_16/dsm_density/RMSprop_lr0.0001_bs128/predictions.csv,results/scenario_5/FUJITA/dataset_16/dsm_density/RMSprop_lr0.0001_bs128
True,5,dataset_16,dsm_density,64,FUJITA,RMSprop,0.0001,100,5,0.5392376681614349,0.5214635681207762,0.4516085809250535,0.46047724689217573,0.4508768460905116,0.6585111490552671,0.5762331838565022,0.9367118011988702,0.914050822122571,0.5351493973678791,0.4255515350767288,0.5230890463284362,0,0,0,0,"[[293, 71, 15, 4, 2], [106, 859, 404, 26, 6], [8, 236, 209, 17, 3], [9, 79, 130, 22, 7], [13, 30, 35, 32, 60]]",0.5922501163706348,47,val_qwk,23.49786067008972,2676,results/scenario_5/FUJITA/dataset_16/dsm_density/RMSprop_lr0.0001_bs64/predictions.csv,results/scenario_5/FUJITA/dataset_16/dsm_density/RMSprop_lr0.0001_bs64
True,5,dataset_16,dsm_density,256,FUJITA,RMSprop,0.001,100,5,0.5493273542600897,0.5066765937199081,0.4468300415993589,0.4532000181471593,0.4459111263756232,0.6614974092797615,0.5840807174887892,0.968294078789823,0.9009715994020927,0.5097440975066923,0.41796895547211765,0.5222933019161924,0,0,0,0,"[[302, 63, 17, 1, 2], [126, 908, 323, 38, 6], [12, 247, 180, 28, 6], [6, 85, 122, 27, 7], [22, 31, 39, 25, 53]]",0.5672824444358336,31,val_qwk,9.092567443847656,2676,results/scenario_5/FUJITA/dataset_16/dsm_density/RMSprop_lr0.001_bs256/predictions.csv,results/scenario_5/FUJITA/dataset_16/dsm_density/RMSprop_lr0.001_bs256
True,5,dataset_16,dsm_density,128,FUJITA,RMSprop,0.001,100,5,0.5575485799701047,0.5423200952501335,0.44176547998701715,0.4579790207784118,0.4442238806812808,0.6610294367875907,0.570627802690583,0.955864598175308,0.906203288490284,0.49599698283153504,0.41003263822735414,0.49960254859833353,0,0,0,0,"[[279, 86, 15, 3, 2], [83, 951, 349, 15, 3], [11, 256, 187, 15, 4], [6, 96, 125, 17, 3], [22, 32, 42, 16, 58]]",0.5497576250796121,11,val_qwk,7.1073079109191895,2676,results/scenario_5/FUJITA/dataset_16/dsm_density/RMSprop_lr0.001_bs128/predictions.csv,results/scenario_5/FUJITA/dataset_16/dsm_density/RMSprop_lr0.001_bs128
True,5,dataset_16,dsm_density,64,FUJITA,RMSprop,0.001,100,5,0.569880418535127,0.4856418578449814,0.4347597629186729,0.4454850963534266,0.4371800148772678,0.6623191737212155,0.5758594917787743,0.984749177051718,0.8972346786248132,0.4817710688759953,0.40557043653796754,0.5024190604084117,0,0,0,0,"[[275, 91, 12, 4, 3], [83, 1023, 258, 22, 15], [7, 285, 154, 19, 8], [8, 102, 111, 14, 12], [19, 44, 31, 17, 59]]",0.5639962216122008,15,val_qwk,10.666041374206543,2676,results/scenario_5/FUJITA/dataset_16/dsm_density/RMSprop_lr0.001_bs64/predictions.csv,results/scenario_5/FUJITA/dataset_16/dsm_density/RMSprop_lr0.001_bs64
True,5,dataset_16,dsm_density,256,FUJITA,Nadam,0.0001,100,5,0.5519431988041853,0.5000663864303425,0.4618713782240446,0.4639179914076614,0.45959433182738074,0.662177434213181,0.5848281016442451,0.966749133124829,0.8953662182361734,0.5340025416994962,0.4286150100675984,0.5297065304058172,0,0,0,0,"[[315, 46, 17, 4, 3], [170, 918, 268, 36, 9], [20, 273, 143, 30, 7], [13, 96, 98, 33, 7], [13, 28, 34, 27, 68]]",0.5855144022607508,48,val_qwk,16.042773723602295,2676,results/scenario_5/FUJITA/dataset_16/dsm_density/Nadam_lr0.0001_bs256/predictions.csv,results/scenario_5/FUJITA/dataset_16/dsm_density/Nadam_lr0.0001_bs256
True,5,dataset_16,dsm_density,128,FUJITA,Nadam,0.0001,100,5,0.5553064275037369,0.5144543680914433,0.45266912884323973,0.46167417612862593,0.45312321805188194,0.6619657634337162,0.5736173393124065,0.9511616687920998,0.9009715994020927,0.5268289177196275,0.424115303117353,0.5221623543844112,0,0,0,0,"[[300, 60, 20, 2, 3], [127, 936, 308, 24, 6], [13, 267, 163, 25, 5], [9, 99, 111, 22, 6], [15, 27, 42, 21, 65]]",0.5809282314707193,25,val_qwk,13.938856840133667,2676,results/scenario_5/FUJITA/dataset_16/dsm_density/Nadam_lr0.0001_bs128/predictions.csv,results/scenario_5/FUJITA/dataset_16/dsm_density/Nadam_lr0.0001_bs128
True,5,dataset_16,dsm_density,64,FUJITA,Nadam,0.0001,100,5,0.54745889387145,0.5028585051412087,0.4385404864616226,0.44604472287157326,0.43835242023855087,0.6523870894307411,0.5852017937219731,0.9646207926136575,0.9009715994020927,0.5057940830930258,0.40477535774276274,0.5095695868887677,0,0,0,0,"[[298, 71, 10, 3, 3], [134, 931, 309, 19, 8], [10, 284, 160, 15, 4], [10, 114, 102, 17, 4], [14, 35, 35, 27, 59]]",0.5705486956350169,11,val_qwk,12.948408126831055,2676,results/scenario_5/FUJITA/dataset_16/dsm_density/Nadam_lr0.0001_bs64/predictions.csv,results/scenario_5/FUJITA/dataset_16/dsm_density/Nadam_lr0.0001_bs64
True,5,dataset_16,dsm_density,256,FUJITA,Nadam,0.001,100,5,0.5485799701046338,0.530327242464415,0.4810043213059819,0.4883014083177487,0.4799597692977168,0.6724888069824743,0.5732436472346786,0.9406927447683386,0.906203288490284,0.5501121175564507,0.44591397419852263,0.5399389796219,0,0,0,0,"[[284, 74, 20, 3, 4], [96, 835, 409, 52, 9], [9, 185, 242, 31, 6], [4, 73, 123, 38, 9], [12, 27, 32, 30, 69]]",0.578920360771558,10,val_qwk,7.1793742179870605,2676,results/scenario_5/FUJITA/dataset_16/dsm_density/Nadam_lr0.001_bs256/predictions.csv,results/scenario_5/FUJITA/dataset_16/dsm_density/Nadam_lr0.001_bs256
True,5,dataset_16,dsm_density,128,FUJITA,Nadam,0.001,100,5,0.5605381165919282,0.5348082995150689,0.46353549125126714,0.47818170154412976,0.46592353693505706,0.6693297659959955,0.5590433482810164,0.9323131302278311,0.9103139013452914,0.5408964016831208,0.4397640437676643,0.5357923050207042,0,0,0,0,"[[273, 90, 14, 6, 2], [99, 920, 343, 31, 8], [8, 224, 213, 23, 5], [6, 81, 127, 28, 5], [13, 30, 36, 25, 66]]",0.5795768892769374,7,val_qwk,8.68519902229309,2676,results/scenario_5/FUJITA/dataset_16/dsm_density/Nadam_lr0.001_bs128/predictions.csv,results/scenario_5/FUJITA/dataset_16/dsm_density/Nadam_lr0.001_bs128
True,5,dataset_16,dsm_density,64,FUJITA,Nadam,0.001,100,5,0.5635276532137519,0.5414118751080079,0.4271730401767898,0.45287907367785196,0.4336362370771588,0.6573383983186935,0.5556801195814649,0.9248681884026948,0.906576980568012,0.5148520121237812,0.41091142942668546,0.5097341544277959,0,0,0,0,"[[241, 121, 15, 6, 2], [63, 1014, 306, 16, 2], [7, 267, 180, 15, 4], [4, 105, 123, 13, 2], [11, 31, 47, 21, 60]]",0.5863283075540955,7,val_qwk,10.815789937973022,2676,results/scenario_5/FUJITA/dataset_16/dsm_density/Nadam_lr0.001_bs64/predictions.csv,results/scenario_5/FUJITA/dataset_16/dsm_density/Nadam_lr0.001_bs64
True,5,dataset_16,dsm_density,256,FUJITA,Adamax,0.0001,100,5,0.5485799701046338,0.491289803282913,0.43443692881289503,0.4365259362466773,0.43183228250502054,0.652756448503998,0.5878176382660688,0.9686799302013477,0.8961136023916293,0.5049110754499277,0.40289870203264344,0.5170919585352503,0,0,0,0,"[[299, 71, 9, 3, 3], [166, 941, 268, 20, 6], [16, 283, 157, 11, 6], [11, 116, 102, 14, 4], [14, 33, 41, 25, 57]]",0.5640269350696531,72,val_qwk,18.31475591659546,2676,results/scenario_5/FUJITA/dataset_16/dsm_density/Adamax_lr0.0001_bs256/predictions.csv,results/scenario_5/FUJITA/dataset_16/dsm_density/Adamax_lr0.0001_bs256
True,5,dataset_16,dsm_density,128,FUJITA,Adamax,0.0001,100,5,0.5246636771300448,0.49333005035698835,0.43843828869971135,0.43918809957416355,0.4345163015840184,0.6467821721972042,0.6117339312406577,0.9790404380679061,0.8938714499252616,0.5051702376328244,0.39641903279604684,0.49950782952393097,0,0,0,0,"[[299, 63, 16, 4, 3], [174, 845, 346, 31, 5], [20, 244, 182, 24, 3], [11, 107, 108, 17, 4], [15, 25, 44, 25, 61]]",0.5547223957256738,32,val_qwk,13.010536432266235,2676,results/scenario_5/FUJITA/dataset_16/dsm_density/Adamax_lr0.0001_bs128/predictions.csv,results/scenario_5/FUJITA/dataset_16/dsm_density/Adamax_lr0.0001_bs128
True,5,dataset_16,dsm_density,64,FUJITA,Adamax,0.0001,100,5,0.5388639760837071,0.49663441153191334,0.4305980111629615,0.4349913796682334,0.4286251640808535,0.650854827601774,0.5904334828101644,0.9615166146764983,0.9013452914798207,0.5067165700429532,0.4029761387012124,0.5105776391596669,0,0,0,0,"[[301, 67, 12, 3, 2], [133, 904, 334, 25, 5], [13, 267, 171, 20, 2], [11, 103, 115, 13, 5], [17, 25, 46, 29, 53]]",0.5626721964638841,39,val_qwk,22.140814542770386,2676,results/scenario_5/FUJITA/dataset_16/dsm_density/Adamax_lr0.0001_bs64/predictions.csv,results/scenario_5/FUJITA/dataset_16/dsm_density/Adamax_lr0.0001_bs64
True,5,dataset_16,dsm_density,256,FUJITA,Adamax,0.001,100,5,0.5597907324364724,0.5146367325608612,0.44847066912122935,0.4611083950302783,0.4507276270406601,0.6605052013362341,0.5687593423019432,0.9489983705593834,0.9020926756352765,0.5265668054997639,0.4238875361443074,0.5286795903438052,0,0,0,0,"[[295, 72, 12, 2, 4], [124, 966, 272, 33, 6], [9, 283, 151, 26, 4], [8, 107, 109, 21, 2], [14, 30, 33, 28, 65]]",0.5933131330565844,35,val_qwk,10.840746641159058,2676,results/scenario_5/FUJITA/dataset_16/dsm_density/Adamax_lr0.001_bs256/predictions.csv,results/scenario_5/FUJITA/dataset_16/dsm_density/Adamax_lr0.001_bs256
True,5,dataset_16,dsm_density,128,FUJITA,Adamax,0.001,100,5,0.5519431988041853,0.5340380079255806,0.4351321080666458,0.4487364495630537,0.4365240147202444,0.6569687858858708,0.5665171898355755,0.9351146784664478,0.9110612855007474,0.5198803151113213,0.41627320516373445,0.5173007473134675,0,0,0,0,"[[286, 81, 15, 2, 1], [107, 941, 334, 17, 2], [12, 265, 180, 13, 3], [8, 94, 126, 17, 2], [15, 35, 34, 33, 53]]",0.5857986035276608,17,val_qwk,8.705302715301514,2676,results/scenario_5/FUJITA/dataset_16/dsm_density/Adamax_lr0.001_bs128/predictions.csv,results/scenario_5/FUJITA/dataset_16/dsm_density/Adamax_lr0.001_bs128
True,5,dataset_16,dsm_density,64,FUJITA,Adamax,0.001,100,5,0.5508221225710015,0.5379485366189141,0.4377067948958572,0.4568506515224463,0.4409749566577708,0.6577000876703831,0.5646487294469357,0.9260795421483244,0.9106875934230194,0.5234798720676347,0.41631345625565686,0.5063810315756191,0,0,0,0,"[[252, 102, 25, 4, 2], [78, 933, 372, 13, 5], [7, 237, 213, 14, 2], [4, 96, 127, 16, 4], [11, 31, 39, 29, 60]]",0.579865312353397,12,val_qwk,10.791569232940674,2676,results/scenario_5/FUJITA/dataset_16/dsm_density/Adamax_lr0.001_bs64/predictions.csv,results/scenario_5/FUJITA/dataset_16/dsm_density/Adamax_lr0.001_bs64
True,5,dataset_16,dsm_uncertainty,256,FUJITA,Adam,0.0001,100,5,0.5437219730941704,0.5109094931956947,0.4684026113250602,0.4755439121328758,0.46866266104664644,0.6580493960173219,0.5911808669656203,0.9669423863267844,0.8953662182361734,0.535145718427674,0.42529502719829704,0.515069380531214,0,0,0,0,"[[293, 66, 18, 3, 5], [157, 889, 308, 37, 10], [20, 255, 157, 34, 7], [11, 100, 96, 37, 3], [13, 21, 35, 22, 79]]",0.5953511313284455,21,val_qwk,8.194188117980957,2676,results/scenario_5/FUJITA/dataset_16/dsm_uncertainty/Adam_lr0.0001_bs256/predictions.csv,results/scenario_5/FUJITA/dataset_16/dsm_uncertainty/Adam_lr0.0001_bs256
True,5,dataset_16,dsm_uncertainty,128,FUJITA,Adam,0.0001,100,5,0.5119581464872944,0.4761599995961407,0.47278093965293777,0.46545959456944763,0.46752533312725014,0.6497105722201659,0.6345291479820628,1.0037299644598436,0.8863976083707026,0.5337752535043938,0.41731374703389446,0.5113802730274867,0,0,0,0,"[[299, 56, 20, 5, 5], [181, 777, 353, 77, 13], [26, 217, 163, 57, 10], [10, 77, 102, 45, 13], [14, 22, 25, 23, 86]]",0.5905593864256196,20,val_qwk,10.175902605056763,2676,results/scenario_5/FUJITA/dataset_16/dsm_uncertainty/Adam_lr0.0001_bs128/predictions.csv,results/scenario_5/FUJITA/dataset_16/dsm_uncertainty/Adam_lr0.0001_bs128
True,5,dataset_16,dsm_uncertainty,64,FUJITA,Adam,0.0001,100,5,0.5216741405082213,0.4972961768208298,0.46069177826809576,0.46016214703542724,0.4566740891262747,0.6523806851100356,0.6154708520179372,0.9862659267793141,0.8968609865470852,0.5228066223673837,0.41455075245198436,0.5139729638365172,0,0,0,0,"[[309, 52, 17, 3, 4], [177, 806, 366, 45, 7], [23, 218, 176, 50, 6], [10, 87, 110, 35, 5], [16, 31, 27, 26, 70]]",0.5949748649047504,11,val_qwk,10.674843072891235,2676,results/scenario_5/FUJITA/dataset_16/dsm_uncertainty/Adam_lr0.0001_bs64/predictions.csv,results/scenario_5/FUJITA/dataset_16/dsm_uncertainty/Adam_lr0.0001_bs64
True,5,dataset_16,dsm_uncertainty,256,FUJITA,Adam,0.001,100,5,0.5373692077727952,0.49220950389868223,0.4732105793654756,0.47267239043516246,0.4707871028735043,0.6591310301986579,0.601644245142003,0.9788495733740039,0.8931240657698056,0.5359076380129575,0.4273963943872523,0.524804430632469,0,0,0,0,"[[305, 55, 14, 4, 7], [151, 849, 336, 54, 11], [19, 239, 168, 35, 12], [6, 88, 105, 38, 10], [12, 27, 32, 21, 78]]",0.5826336801248994,10,val_qwk,5.869872808456421,2676,results/scenario_5/FUJITA/dataset_16/dsm_uncertainty/Adam_lr0.001_bs256/predictions.csv,results/scenario_5/FUJITA/dataset_16/dsm_uncertainty/Adam_lr0.001_bs256
True,5,dataset_16,dsm_uncertainty,128,FUJITA,Adam,0.001,100,5,0.570627802690583,0.493992133336977,0.47143417847213,0.47428435343636083,0.47103706710091664,0.6712463949598442,0.5732436472346786,0.9754076224304208,0.8931240657698056,0.5304067187078696,0.4384091855547062,0.529704327125168,0,0,0,0,"[[306, 53, 18, 4, 4], [127, 979, 243, 38, 14], [13, 276, 134, 38, 12], [9, 101, 95, 30, 12], [18, 28, 27, 19, 78]]",0.5834217448018364,10,val_qwk,7.2706992626190186,2676,results/scenario_5/FUJITA/dataset_16/dsm_uncertainty/Adam_lr0.001_bs128/predictions.csv,results/scenario_5/FUJITA/dataset_16/dsm_uncertainty/Adam_lr0.001_bs128
True,5,dataset_16,dsm_uncertainty,64,FUJITA,Adam,0.001,100,5,0.5317638266068759,0.5254190054132187,0.4472700421797507,0.4663828622937663,0.4509694278180539,0.6532952351661956,0.5852017937219731,0.9391023924141431,0.9091928251121076,0.5357035730039701,0.41998025177738163,0.5096045366198371,0,0,0,0,"[[249, 102, 26, 6, 2], [80, 863, 412, 40, 6], [11, 210, 213, 34, 5], [4, 74, 134, 29, 6], [12, 26, 31, 32, 69]]",0.5936593662016205,5,val_qwk,8.014823913574219,2676,results/scenario_5/FUJITA/dataset_16/dsm_uncertainty/Adam_lr0.001_bs64/predictions.csv,results/scenario_5/FUJITA/dataset_16/dsm_uncertainty/Adam_lr0.001_bs64
True,5,dataset_16,dsm_uncertainty,256,FUJITA,SGD,0.0001,100,5,0.48318385650224216,0.14499712651477514,0.21170666592508133,0.16994207719217752,0.19205868274750632,0.5148001265541984,0.7791479820627802,1.2169394824870603,0.8187593423019432,0.019672029311700756,0.018083444234940904,0.042965648267040024,0,0,0,0,"[[72, 313, 0, 0, 0], [180, 1221, 0, 0, 0], [68, 405, 0, 0, 0], [27, 220, 0, 0, 0], [20, 150, 0, 0, 0]]",0.028013390151338635,3,val_qwk,3.73425030708313,2676,results/scenario_5/FUJITA/dataset_16/dsm_uncertainty/SGD_lr0.0001_bs256/predictions.csv,results/scenario_5/FUJITA/dataset_16/dsm_uncertainty/SGD_lr0.0001_bs256
True,5,dataset_16,dsm_uncertainty,128,FUJITA,SGD,0.0001,100,5,0.523542600896861,0.1047085201793722,0.2,0.1374540103016924,0.16920289855072465,0.5,0.695814648729447,1.1232027663826183,0.844170403587444,0.0,0.0,,0,0,0,0,"[[0, 385, 0, 0, 0], [0, 1401, 0, 0, 0], [0, 473, 0, 0, 0], [0, 247, 0, 0, 0], [0, 170, 0, 0, 0]]",0.0,3,val_qwk,4.42602014541626,2676,results/scenario_5/FUJITA/dataset_16/dsm_uncertainty/SGD_lr0.0001_bs128/predictions.csv,results/scenario_5/FUJITA/dataset_16/dsm_uncertainty/SGD_lr0.0001_bs128
True,5,dataset_16,dsm_uncertainty,64,FUJITA,SGD,0.0001,100,5,0.523916292974589,0.30474766355140187,0.2005194805194805,0.13852400250169067,0.16987226541841907,0.5115967061850073,0.695440956651719,1.1230364029415247,0.844170403587444,0.0008337172238278567,0.0009192279127508973,0.03115354111285623,0,0,0,0,"[[1, 384, 0, 0, 0], [0, 1401, 0, 0, 0], [0, 473, 0, 0, 0], [0, 247, 0, 0, 0], [0, 170, 0, 0, 0]]",0.0,1,val_qwk,5.4971888065338135,2676,results/scenario_5/FUJITA/dataset_16/dsm_uncertainty/SGD_lr0.0001_bs64/predictions.csv,results/scenario_5/FUJITA/dataset_16/dsm_uncertainty/SGD_lr0.0001_bs64
True,5,dataset_16,dsm_uncertainty,256,FUJITA,SGD,0.001,100,5,0.5093423019431988,0.15378693576651156,0.20663051438212038,0.15974162507594558,0.18247456008228943,0.5085820938513483,0.7204783258594918,1.148860486976172,0.8385650224215246,0.02217510161415659,0.013605603449924009,0.07249577336974512,0,0,0,0,"[[32, 353, 0, 0, 0], [70, 1331, 0, 0, 0], [15, 458, 0, 0, 0], [9, 238, 0, 0, 0], [4, 166, 0, 0, 0]]",0.035934750317720754,1,val_qwk,3.288609266281128,2676,results/scenario_5/FUJITA/dataset_16/dsm_uncertainty/SGD_lr0.001_bs256/predictions.csv,results/scenario_5/FUJITA/dataset_16/dsm_uncertainty/SGD_lr0.001_bs256
True,5,dataset_16,dsm_uncertainty,128,FUJITA,SGD,0.001,100,5,0.5153213751868461,0.13476938336915192,0.19949646356498604,0.1426413969232646,0.17103980328236412,0.4943316894948591,0.7077727952167414,1.1351168591849823,0.8426756352765321,0.003336452886537278,0.00040312496795125163,0.022250409803633166,0,0,0,0,"[[7, 378, 0, 0, 0], [29, 1372, 0, 0, 0], [4, 469, 0, 0, 0], [2, 245, 0, 0, 0], [4, 166, 0, 0, 0]]",0.006121034876921727,1,val_qwk,3.895263910293579,2676,results/scenario_5/FUJITA/dataset_16/dsm_uncertainty/SGD_lr0.001_bs128/predictions.csv,results/scenario_5/FUJITA/dataset_16/dsm_uncertainty/SGD_lr0.001_bs128
True,5,dataset_16,dsm_uncertainty,64,FUJITA,SGD,0.001,100,5,0.523542600896861,0.1047085201793722,0.2,0.1374540103016924,0.16920289855072465,0.5,0.695814648729447,1.1232027663826183,0.844170403587444,0.0,0.0,,0,0,0,0,"[[0, 385, 0, 0, 0], [0, 1401, 0, 0, 0], [0, 473, 0, 0, 0], [0, 247, 0, 0, 0], [0, 170, 0, 0, 0]]",0.0,1,val_qwk,5.135324954986572,2676,results/scenario_5/FUJITA/dataset_16/dsm_uncertainty/SGD_lr0.001_bs64/predictions.csv,results/scenario_5/FUJITA/dataset_16/dsm_uncertainty/SGD_lr0.001_bs64
True,5,dataset_16,dsm_uncertainty,256,FUJITA,RMSprop,0.0001,100,5,0.5437219730941704,0.4947596123838466,0.4270582602965554,0.43755473761707925,0.42819215413437295,0.6509737476613439,0.6031390134529148,0.99023634146508,0.8863976083707026,0.48086071340486425,0.38996322884472134,0.47710744213649303,0,0,0,0,"[[268, 87, 24, 2, 4], [133, 940, 288, 34, 6], [23, 251, 171, 22, 6], [10, 113, 100, 22, 2], [19, 25, 38, 34, 54]]",0.5465622847882742,26,val_qwk,8.50535273551941,2676,results/scenario_5/FUJITA/dataset_16/dsm_uncertainty/RMSprop_lr0.0001_bs256/predictions.csv,results/scenario_5/FUJITA/dataset_16/dsm_uncertainty/RMSprop_lr0.0001_bs256
True,5,dataset_16,dsm_uncertainty,128,FUJITA,RMSprop,0.0001,100,5,0.5298953662182362,0.501121609340794,0.46475103879771024,0.4708023553376732,0.46460952398046756,0.6554391070613478,0.6072496263079222,0.9763649370414763,0.8923766816143498,0.5297625886851658,0.419058255825449,0.5057223005183153,0,0,0,0,"[[288, 58, 29, 5, 5], [136, 839, 364, 53, 9], [17, 225, 178, 47, 6], [8, 87, 109, 35, 8], [12, 23, 34, 23, 78]]",0.5924239237589031,37,val_qwk,13.136057376861572,2676,results/scenario_5/FUJITA/dataset_16/dsm_uncertainty/RMSprop_lr0.0001_bs128/predictions.csv,results/scenario_5/FUJITA/dataset_16/dsm_uncertainty/RMSprop_lr0.0001_bs128
True,5,dataset_16,dsm_uncertainty,64,FUJITA,RMSprop,0.0001,100,5,0.5710014947683109,0.522490402600319,0.470772824310082,0.4780768416189039,0.4707826637665938,0.6713721452472489,0.5650224215246636,0.9544953040747489,0.8949925261584455,0.5359092158479601,0.4373171087855926,0.5340506236480861,0,0,0,0,"[[305, 58, 14, 5, 3], [151, 969, 245, 28, 8], [20, 269, 152, 26, 6], [10, 109, 96, 28, 4], [13, 28, 37, 18, 74]]",0.6046298097377085,43,val_qwk,21.334522247314453,2676,results/scenario_5/FUJITA/dataset_16/dsm_uncertainty/RMSprop_lr0.0001_bs64/predictions.csv,results/scenario_5/FUJITA/dataset_16/dsm_uncertainty/RMSprop_lr0.0001_bs64
True,5,dataset_16,dsm_uncertainty,256,FUJITA,RMSprop,0.001,100,5,0.5209267563527653,0.49990275634556347,0.47382507609038765,0.4712355579032429,0.46868887859318614,0.6622079137698224,0.6147234678624813,0.9817086474409751,0.8961136023916293,0.5299937808353294,0.42520369790034473,0.5274175081536225,0,0,0,0,"[[291, 65, 22, 5, 2], [120, 757, 448, 63, 13], [16, 165, 233, 46, 13], [4, 62, 123, 46, 12], [17, 25, 36, 25, 67]]",0.5833948558005488,16,val_qwk,6.823082685470581,2676,results/scenario_5/FUJITA/dataset_16/dsm_uncertainty/RMSprop_lr0.001_bs256/predictions.csv,results/scenario_5/FUJITA/dataset_16/dsm_uncertainty/RMSprop_lr0.001_bs256
True,5,dataset_16,dsm_uncertainty,128,FUJITA,RMSprop,0.001,100,5,0.5317638266068759,0.5287900765407327,0.4624363166050632,0.4734186156936181,0.4622883799113078,0.658923633694352,0.5926756352765321,0.9580123918300069,0.9069506726457399,0.5229190294756612,0.4197283310887948,0.5133916214652284,0,0,0,0,"[[280, 84, 13, 6, 2], [91, 817, 445, 42, 6], [12, 200, 227, 26, 8], [5, 73, 130, 33, 6], [16, 31, 35, 22, 66]]",0.5703356029192432,11,val_qwk,6.983765125274658,2676,results/scenario_5/FUJITA/dataset_16/dsm_uncertainty/RMSprop_lr0.001_bs128/predictions.csv,results/scenario_5/FUJITA/dataset_16/dsm_uncertainty/RMSprop_lr0.001_bs128
True,5,dataset_16,dsm_uncertainty,64,FUJITA,RMSprop,0.001,100,5,0.523916292974589,0.5221599290548128,0.45211139941275774,0.45797482031504266,0.44884862107848206,0.6564081489547244,0.5997757847533632,0.9605445017854789,0.906203288490284,0.5151435362246349,0.4116011154834428,0.5066740115636487,0,0,0,0,"[[285, 71, 25, 2, 2], [109, 798, 457, 33, 4], [14, 192, 234, 28, 5], [4, 75, 138, 24, 6], [19, 28, 40, 22, 61]]",0.5769622772596577,7,val_qwk,8.538421869277954,2676,results/scenario_5/FUJITA/dataset_16/dsm_uncertainty/RMSprop_lr0.001_bs64/predictions.csv,results/scenario_5/FUJITA/dataset_16/dsm_uncertainty/RMSprop_lr0.001_bs64
True,5,dataset_16,dsm_uncertainty,256,FUJITA,Nadam,0.0001,100,5,0.546337817638266,0.4962955856224457,0.4702000305521,0.46488942587615634,0.4641532843189429,0.6606278119451816,0.5915545590433483,0.9736820842532816,0.8953662182361734,0.5400843333043388,0.4305704876886187,0.536680448878226,0,0,0,0,"[[317, 54, 7, 3, 4], [225, 889, 244, 34, 9], [29, 259, 149, 30, 6], [13, 105, 95, 28, 6], [15, 26, 29, 21, 79]]",0.5899826917370163,32,val_qwk,11.797727584838867,2676,results/scenario_5/FUJITA/dataset_16/dsm_uncertainty/Nadam_lr0.0001_bs256/predictions.csv,results/scenario_5/FUJITA/dataset_16/dsm_uncertainty/Nadam_lr0.0001_bs256
True,5,dataset_16,dsm_uncertainty,128,FUJITA,Nadam,0.0001,100,5,0.5515695067264574,0.500913705661733,0.47421959072825387,0.4692030576115932,0.46821677150150043,0.6647721531287905,0.5874439461883408,0.9700292014774522,0.8916292974588939,0.5456249180688691,0.4358912192243737,0.5363821147131683,0,0,0,0,"[[319, 48, 12, 2, 4], [219, 906, 236, 33, 7], [36, 256, 139, 34, 8], [15, 102, 93, 31, 6], [15, 20, 36, 18, 81]]",0.5822268970883581,20,val_qwk,13.059566497802734,2676,results/scenario_5/FUJITA/dataset_16/dsm_uncertainty/Nadam_lr0.0001_bs128/predictions.csv,results/scenario_5/FUJITA/dataset_16/dsm_uncertainty/Nadam_lr0.0001_bs128
True,5,dataset_16,dsm_uncertainty,64,FUJITA,Nadam,0.0001,100,5,0.547085201793722,0.515301057078027,0.4735428852207847,0.4828091560642916,0.47505521253672367,0.6609202360116373,0.5878176382660688,0.962487745733728,0.8942451420029895,0.5403178261892705,0.42987809420306156,0.5176164840519483,0,0,0,0,"[[283, 73, 20, 5, 4], [145, 893, 307, 47, 9], [18, 245, 166, 36, 8], [11, 91, 100, 40, 5], [10, 25, 35, 18, 82]]",0.5977873255549073,10,val_qwk,12.70092225074768,2676,results/scenario_5/FUJITA/dataset_16/dsm_uncertainty/Nadam_lr0.0001_bs64/predictions.csv,results/scenario_5/FUJITA/dataset_16/dsm_uncertainty/Nadam_lr0.0001_bs64
True,5,dataset_16,dsm_uncertainty,256,FUJITA,Nadam,0.001,100,5,0.5642750373692078,0.49898248855700783,0.471776628777213,0.46980258292271804,0.46803199032517073,0.6706127713393999,0.5844544095665172,0.9879694868898589,0.8893871449925261,0.5164769850163948,0.42944406409781366,0.52246196541684,0,0,0,0,"[[319, 46, 15, 2, 3], [166, 935, 249, 42, 9], [22, 259, 157, 27, 8], [11, 104, 93, 28, 11], [21, 32, 27, 19, 71]]",0.5900558318177771,9,val_qwk,6.184558868408203,2676,results/scenario_5/FUJITA/dataset_16/dsm_uncertainty/Nadam_lr0.001_bs256/predictions.csv,results/scenario_5/FUJITA/dataset_16/dsm_uncertainty/Nadam_lr0.001_bs256
True,5,dataset_16,dsm_uncertainty,128,FUJITA,Nadam,0.001,100,5,0.5717488789237668,0.5261816554963812,0.467759064691254,0.4740629718847842,0.467034370672258,0.6729705764144062,0.5519431988041853,0.9357139189499064,0.9073243647234679,0.5437793329869767,0.4449905594591187,0.5419695751716285,0,0,0,0,"[[312, 52, 14, 4, 3], [135, 962, 280, 22, 2], [15, 268, 167, 17, 6], [6, 98, 118, 19, 6], [16, 33, 29, 22, 70]]",0.6060572880261729,8,val_qwk,7.854140043258667,2676,results/scenario_5/FUJITA/dataset_16/dsm_uncertainty/Nadam_lr0.001_bs128/predictions.csv,results/scenario_5/FUJITA/dataset_16/dsm_uncertainty/Nadam_lr0.001_bs128
True,5,dataset_16,dsm_uncertainty,64,FUJITA,Nadam,0.001,100,5,0.554559043348281,0.5274507307692959,0.43966472275974217,0.4587363570146884,0.44378010319687833,0.6563584219062748,0.5620328849028401,0.9274907885956313,0.9110612855007474,0.523046505534692,0.4152874425886264,0.5059745328305655,0,0,0,0,"[[251, 107, 17, 5, 5], [73, 958, 349, 18, 3], [7, 259, 196, 7, 4], [3, 95, 137, 9, 3], [8, 37, 36, 19, 70]]",0.5685186597765652,7,val_qwk,11.410887956619263,2676,results/scenario_5/FUJITA/dataset_16/dsm_uncertainty/Nadam_lr0.001_bs64/predictions.csv,results/scenario_5/FUJITA/dataset_16/dsm_uncertainty/Nadam_lr0.001_bs64
True,5,dataset_16,dsm_uncertainty,256,FUJITA,Adamax,0.0001,100,5,0.523916292974589,0.4981149077362887,0.4498889924992753,0.4546503906418751,0.44831165938905587,0.6486506431579723,0.6218236173393124,0.9962560707194917,0.8867713004484304,0.504308411277526,0.39919108924463886,0.48672592762227984,0,0,0,0,"[[290, 68, 21, 2, 4], [166, 839, 341, 48, 7], [31, 230, 171, 36, 5], [14, 96, 98, 35, 4], [15, 26, 34, 28, 67]]",0.5804855007778262,32,val_qwk,10.971490383148193,2676,results/scenario_5/FUJITA/dataset_16/dsm_uncertainty/Adamax_lr0.0001_bs256/predictions.csv,results/scenario_5/FUJITA/dataset_16/dsm_uncertainty/Adamax_lr0.0001_bs256
True,5,dataset_16,dsm_uncertainty,128,FUJITA,Adamax,0.0001,100,5,0.5392376681614349,0.5089647391274639,0.45925995279183596,0.4684139183540976,0.4602065574420616,0.6545552833629983,0.5956651718983558,0.9688727982829407,0.8949925261584455,0.5282545681769567,0.4184662828442848,0.5129828387229383,0,0,0,0,"[[295, 67, 17, 2, 4], [146, 884, 320, 43, 8], [20, 252, 156, 40, 5], [8, 102, 97, 36, 4], [14, 26, 32, 26, 72]]",0.5939948162301705,53,val_qwk,18.554027557373047,2676,results/scenario_5/FUJITA/dataset_16/dsm_uncertainty/Adamax_lr0.0001_bs128/predictions.csv,results/scenario_5/FUJITA/dataset_16/dsm_uncertainty/Adamax_lr0.0001_bs128
True,5,dataset_16,dsm_uncertainty,64,FUJITA,Adamax,0.0001,100,5,0.5493273542600897,0.5131545982319854,0.46430026570136834,0.4703313547447231,0.46356607956297224,0.6622943757408066,0.5825859491778774,0.9601553810477021,0.8994768310911808,0.5354099969344919,0.4301497414703802,0.5268236336683673,0,0,0,0,"[[305, 57, 17, 2, 4], [156, 898, 300, 40, 7], [20, 251, 165, 31, 6], [10, 92, 109, 33, 3], [13, 31, 27, 30, 69]]",0.602169092481545,48,val_qwk,24.65458583831787,2676,results/scenario_5/FUJITA/dataset_16/dsm_uncertainty/Adamax_lr0.0001_bs64/predictions.csv,results/scenario_5/FUJITA/dataset_16/dsm_uncertainty/Adamax_lr0.0001_bs64
True,5,dataset_16,dsm_uncertainty,256,FUJITA,Adamax,0.001,100,5,0.5485799701046338,0.5177295960707108,0.4645652330724383,0.4724661129365634,0.4645682652157587,0.6625651760870365,0.5792227204783259,0.9517508058376184,0.9005979073243647,0.5418833436163073,0.4333597268192243,0.5346974221735368,0,0,0,0,"[[300, 67, 13, 2, 3], [148, 895, 311, 43, 4], [20, 239, 170, 37, 7], [7, 91, 112, 33, 4], [16, 25, 35, 24, 70]]",0.6005881192242417,25,val_qwk,8.056006908416748,2676,results/scenario_5/FUJITA/dataset_16/dsm_uncertainty/Adamax_lr0.001_bs256/predictions.csv,results/scenario_5/FUJITA/dataset_16/dsm_uncertainty/Adamax_lr0.001_bs256
True,5,dataset_16,dsm_uncertainty,128,FUJITA,Adamax,0.001,100,5,0.5358744394618834,0.5128980755302476,0.47231386395591485,0.4800326592445006,0.4729443420162996,0.6607140993699807,0.6046337817638266,0.9818989563789732,0.890881913303438,0.5275299574289167,0.4252887050304135,0.516133584354178,0,0,0,0,"[[293, 65, 19, 5, 3], [119, 841, 361, 72, 8], [16, 212, 180, 58, 7], [7, 84, 102, 47, 7], [18, 22, 31, 26, 73]]",0.5991148558323014,20,val_qwk,9.912031888961792,2676,results/scenario_5/FUJITA/dataset_16/dsm_uncertainty/Adamax_lr0.001_bs128/predictions.csv,results/scenario_5/FUJITA/dataset_16/dsm_uncertainty/Adamax_lr0.001_bs128
True,5,dataset_16,dsm_uncertainty,64,FUJITA,Adamax,0.001,100,5,0.5291479820627802,0.5397968284317066,0.469146463506004,0.47815135390224184,0.46706481750125234,0.6639389462992625,0.5848281016442451,0.9353144679524293,0.9106875934230194,0.5483474946165207,0.43437845161719024,0.5332369106554781,0,0,0,0,"[[278, 76, 27, 1, 3], [105, 790, 462, 39, 5], [13, 174, 244, 36, 6], [6, 64, 137, 37, 3], [14, 20, 41, 28, 67]]",0.6060324160983104,11,val_qwk,10.815800428390503,2676,results/scenario_5/FUJITA/dataset_16/dsm_uncertainty/Adamax_lr0.001_bs64/predictions.csv,results/scenario_5/FUJITA/dataset_16/dsm_uncertainty/Adamax_lr0.001_bs64
True,5,dataset_16,dsm_only,256,FUJITA,Adam,0.0001,100,5,0.5291479820627802,0.47972539139262044,0.43670142074793644,0.4407635883098114,0.4351813007078791,0.6491070762986343,0.6068759342301944,0.9754076224304208,0.8953662182361734,0.5044747200572541,0.3980949890555775,0.5007844964022333,0,0,0,0,"[[276, 77, 23, 3, 6], [129, 864, 360, 32, 16], [10, 238, 198, 23, 4], [11, 91, 126, 15, 4], [7, 28, 49, 23, 63]]",0.5402046701842651,26,val_qwk,8.803959369659424,2676,results/scenario_5/FUJITA/dataset_16/dsm_only/Adam_lr0.0001_bs256/predictions.csv,results/scenario_5/FUJITA/dataset_16/dsm_only/Adam_lr0.0001_bs256
True,5,dataset_16,dsm_only,128,FUJITA,Adam,0.0001,100,5,0.5149476831091181,0.5047992944247275,0.47033987008711975,0.46930927671045797,0.46531804799742804,0.6574720435336263,0.6154708520179372,0.9729141960547717,0.898729446935725,0.5321997318379865,0.41992998157409844,0.5174564061481283,0,0,0,0,"[[295, 56, 24, 4, 6], [127, 745, 455, 59, 15], [10, 195, 230, 32, 6], [11, 65, 129, 37, 5], [10, 16, 45, 28, 71]]",0.5715649864769476,26,val_qwk,11.267946004867554,2676,results/scenario_5/FUJITA/dataset_16/dsm_only/Adam_lr0.0001_bs128/predictions.csv,results/scenario_5/FUJITA/dataset_16/dsm_only/Adam_lr0.0001_bs128
True,5,dataset_16,dsm_only,64,FUJITA,Adam,0.0001,100,5,0.5272795216741405,0.5133332436579398,0.4621463606503514,0.46836573842804236,0.4607721772020268,0.6570285835135004,0.6005231689088192,0.9640395206159429,0.9028400597907325,0.530079994712774,0.42116639158489366,0.5180088114036562,0,0,0,0,"[[301, 57, 20, 3, 4], [120, 810, 415, 45, 11], [12, 222, 198, 37, 4], [12, 73, 120, 37, 5], [12, 24, 40, 29, 65]]",0.5764701546018889,39,val_qwk,21.523836612701416,2676,results/scenario_5/FUJITA/dataset_16/dsm_only/Adam_lr0.0001_bs64/predictions.csv,results/scenario_5/FUJITA/dataset_16/dsm_only/Adam_lr0.0001_bs64
True,5,dataset_16,dsm_only,256,FUJITA,Adam,0.001,100,5,0.5665171898355755,0.4849859667384969,0.45600453176681227,0.4597713823224671,0.45580615045409445,0.6664398254070041,0.5803437967115097,0.977130113441868,0.8878923766816144,0.5131682492376233,0.4208161923973266,0.5250902425072572,0,0,0,0,"[[304, 62, 12, 5, 2], [113, 972, 259, 40, 17], [15, 272, 154, 21, 11], [5, 111, 102, 19, 10], [13, 36, 33, 21, 67]]",0.5596012460885464,20,val_qwk,7.955894231796265,2676,results/scenario_5/FUJITA/dataset_16/dsm_only/Adam_lr0.001_bs256/predictions.csv,results/scenario_5/FUJITA/dataset_16/dsm_only/Adam_lr0.001_bs256
True,5,dataset_16,dsm_only,128,FUJITA,Adam,0.001,100,5,0.554185351270553,0.512876685374376,0.4444537659467966,0.46379906539423565,0.4496788149201554,0.6581060991997612,0.585949177877429,0.9715689313377652,0.8931240657698056,0.4978775826013474,0.40566301515854153,0.4967770357586968,0,0,0,0,"[[262, 96, 17, 7, 3], [66, 949, 329, 46, 11], [5, 250, 185, 25, 8], [4, 100, 116, 21, 6], [12, 37, 36, 19, 66]]",0.5607920879660626,20,val_qwk,9.458637714385986,2676,results/scenario_5/FUJITA/dataset_16/dsm_only/Adam_lr0.001_bs128/predictions.csv,results/scenario_5/FUJITA/dataset_16/dsm_only/Adam_lr0.001_bs128
True,5,dataset_16,dsm_only,64,FUJITA,Adam,0.001,100,5,0.5534379671150972,0.510201853334477,0.44610680143003645,0.45666319529822913,0.44705937252024136,0.6613730063734687,0.5795964125560538,0.9597661025475958,0.8998505231689088,0.5060035893025484,0.4121666694520634,0.5138991813336647,0,0,0,0,"[[282, 85, 14, 2, 2], [87, 920, 354, 29, 11], [12, 234, 203, 17, 7], [5, 94, 122, 19, 7], [11, 44, 37, 21, 57]]",0.5501934243751334,15,val_qwk,11.759769201278687,2676,results/scenario_5/FUJITA/dataset_16/dsm_only/Adam_lr0.001_bs64/predictions.csv,results/scenario_5/FUJITA/dataset_16/dsm_only/Adam_lr0.001_bs64
True,5,dataset_16,dsm_only,256,FUJITA,SGD,0.0001,100,5,0.5205530642750373,0.12117117117117118,0.1992346839456047,0.13798172641676038,0.16900427184175482,0.49162625777388297,0.6995515695067265,1.1261931059141987,0.843796711509716,0.0011165250993785403,-0.0007767325450935836,0.011647290207562904,0,0,0,0,"[[1, 384, 0, 0, 0], [9, 1392, 0, 0, 0], [1, 472, 0, 0, 0], [0, 247, 0, 0, 0], [1, 169, 0, 0, 0]]",0.002284867913646682,7,val_qwk,4.270654678344727,2676,results/scenario_5/FUJITA/dataset_16/dsm_only/SGD_lr0.0001_bs256/predictions.csv,results/scenario_5/FUJITA/dataset_16/dsm_only/SGD_lr0.0001_bs256
True,5,dataset_16,dsm_only,128,FUJITA,SGD,0.0001,100,5,0.523916292974589,0.2380845491956603,0.2008962058640859,0.13951890034364262,0.17043958572784162,0.5103842317794487,0.695440956651719,1.1230364029415247,0.844170403587444,0.0019070024653113915,0.001682693753345177,0.03995267416577492,0,0,0,0,"[[2, 383, 0, 0, 0], [1, 1400, 0, 0, 0], [0, 473, 0, 0, 0], [0, 247, 0, 0, 0], [0, 170, 0, 0, 0]]",0.002156509500978676,1,val_qwk,3.7366890907287598,2676,results/scenario_5/FUJITA/dataset_16/dsm_only/SGD_lr0.0001_bs128/predictions.csv,results/scenario_5/FUJITA/dataset_16/dsm_only/SGD_lr0.0001_bs128
True,5,dataset_16,dsm_only,64,FUJITA,SGD,0.0001,100,5,0.4633781763826607,0.1185736492533798,0.18605782511564098,0.14258600040906128,0.16523393275585163,0.4719536996373105,0.7840059790732437,1.198217410418824,0.827354260089686,0.012792267948582126,-0.01633449287619726,0.017035387861215993,0,0,0,0,"[[24, 361, 0, 0, 0], [185, 1216, 0, 0, 0], [45, 428, 0, 0, 0], [20, 227, 0, 0, 0], [10, 160, 0, 0, 0]]",0.012402978094235073,2,val_qwk,6.1148154735565186,2676,results/scenario_5/FUJITA/dataset_16/dsm_only/SGD_lr0.0001_bs64/predictions.csv,results/scenario_5/FUJITA/dataset_16/dsm_only/SGD_lr0.0001_bs64
True,5,dataset_16,dsm_only,256,FUJITA,SGD,0.001,100,5,0.523542600896861,0.1047085201793722,0.2,0.1374540103016924,0.16920289855072465,0.5,0.695814648729447,1.1232027663826183,0.844170403587444,0.0,0.0,,0,0,0,0,"[[0, 385, 0, 0, 0], [0, 1401, 0, 0, 0], [0, 473, 0, 0, 0], [0, 247, 0, 0, 0], [0, 170, 0, 0, 0]]",0.0008375476515543046,1,val_qwk,3.2358782291412354,2676,results/scenario_5/FUJITA/dataset_16/dsm_only/SGD_lr0.001_bs256/predictions.csv,results/scenario_5/FUJITA/dataset_16/dsm_only/SGD_lr0.001_bs256
True,5,dataset_16,dsm_only,128,FUJITA,SGD,0.001,100,5,0.523168908819133,0.10467289719626167,0.1998572448251249,0.13738959764474973,0.16910254861698273,0.49478587966762944,0.6961883408071748,1.1233691051864005,0.844170403587444,0.00024161868588645774,-0.0001544752275901562,0.006867105308595547,0,0,0,0,"[[0, 385, 0, 0, 0], [1, 1400, 0, 0, 0], [0, 473, 0, 0, 0], [0, 247, 0, 0, 0], [0, 170, 0, 0, 0]]",0.0,1,val_qwk,3.7391090393066406,2676,results/scenario_5/FUJITA/dataset_16/dsm_only/SGD_lr0.001_bs128/predictions.csv,results/scenario_5/FUJITA/dataset_16/dsm_only/SGD_lr0.001_bs128
True,5,dataset_16,dsm_only,64,FUJITA,SGD,0.001,100,5,0.523542600896861,0.1047085201793722,0.2,0.1374540103016924,0.16920289855072465,0.5,0.695814648729447,1.1232027663826183,0.844170403587444,0.0,0.0,,0,0,0,0,"[[0, 385, 0, 0, 0], [0, 1401, 0, 0, 0], [0, 473, 0, 0, 0], [0, 247, 0, 0, 0], [0, 170, 0, 0, 0]]",0.0,1,val_qwk,5.437756776809692,2676,results/scenario_5/FUJITA/dataset_16/dsm_only/SGD_lr0.001_bs64/predictions.csv,results/scenario_5/FUJITA/dataset_16/dsm_only/SGD_lr0.001_bs64
True,5,dataset_16,dsm_only,256,FUJITA,RMSprop,0.0001,100,5,0.4790732436472347,0.44848443673126326,0.3850578075536776,0.3851336107884701,0.37929234842280435,0.6190424910966279,0.6595665171898356,1.0150217033620337,0.899103139013453,0.4250411245350987,0.33096740124447976,0.43242129807703616,0,0,0,0,"[[247, 109, 22, 3, 4], [92, 759, 518, 19, 13], [9, 218, 232, 12, 2], [8, 89, 144, 4, 2], [20, 29, 52, 29, 40]]",0.4771396466850474,26,val_qwk,8.514805555343628,2676,results/scenario_5/FUJITA/dataset_16/dsm_only/RMSprop_lr0.0001_bs256/predictions.csv,results/scenario_5/FUJITA/dataset_16/dsm_only/RMSprop_lr0.0001_bs256
True,5,dataset_16,dsm_only,128,FUJITA,RMSprop,0.0001,100,5,0.4872944693572496,0.4686241380264491,0.4017639768543068,0.4070697361897267,0.3978972254457404,0.6267377375713602,0.6464872944693573,0.9981297907700785,0.9002242152466368,0.45373671366195745,0.3508655770639957,0.45528567560918914,0,0,0,0,"[[241, 115, 21, 4, 4], [81, 763, 515, 27, 15], [8, 205, 241, 14, 5], [6, 81, 147, 10, 3], [15, 28, 53, 25, 49]]",0.508360389548888,30,val_qwk,12.160220861434937,2676,results/scenario_5/FUJITA/dataset_16/dsm_only/RMSprop_lr0.0001_bs128/predictions.csv,results/scenario_5/FUJITA/dataset_16/dsm_only/RMSprop_lr0.0001_bs128
True,5,dataset_16,dsm_only,64,FUJITA,RMSprop,0.0001,100,5,0.4312406576980568,0.480342881419835,0.4042446370361503,0.40501664247548985,0.39300825886812707,0.6162468988311199,0.7092675635276532,1.0312747709576493,0.89050822122571,0.44111063166515496,0.32746155484016537,0.4475258837816558,0,0,0,0,"[[210, 126, 37, 8, 4], [61, 558, 694, 71, 17], [8, 123, 303, 32, 7], [4, 47, 165, 28, 3], [11, 24, 55, 25, 55]]",0.5288061832209444,26,val_qwk,15.333847522735596,2676,results/scenario_5/FUJITA/dataset_16/dsm_only/RMSprop_lr0.0001_bs64/predictions.csv,results/scenario_5/FUJITA/dataset_16/dsm_only/RMSprop_lr0.0001_bs64
True,5,dataset_16,dsm_only,256,FUJITA,RMSprop,0.001,100,5,0.5115844544095666,0.5160143481755479,0.4471921686162833,0.4441937813825171,0.4381201768225547,0.6561701200423465,0.60949177877429,0.9593766660931181,0.9073243647234679,0.5092946069212592,0.4039045560255605,0.512116852128274,0,0,0,0,"[[289, 67, 22, 4, 3], [108, 736, 517, 31, 9], [10, 169, 273, 19, 2], [4, 68, 152, 19, 4], [13, 27, 55, 23, 52]]",0.5468846029107567,23,val_qwk,7.91327428817749,2676,results/scenario_5/FUJITA/dataset_16/dsm_only/RMSprop_lr0.001_bs256/predictions.csv,results/scenario_5/FUJITA/dataset_16/dsm_only/RMSprop_lr0.001_bs256
True,5,dataset_16,dsm_only,128,FUJITA,RMSprop,0.001,100,5,0.5,0.48274519086502626,0.45423353504349306,0.4547769976961029,0.4503390782211495,0.646049599250403,0.6472346786248132,1.011518120855545,0.8867713004484304,0.4952348671483606,0.3901058556697341,0.4884795424793356,0,0,0,0,"[[279, 75, 23, 3, 5], [80, 727, 501, 72, 21], [9, 189, 230, 31, 14], [5, 70, 127, 32, 13], [13, 26, 42, 19, 70]]",0.5513170270339822,20,val_qwk,8.979917287826538,2676,results/scenario_5/FUJITA/dataset_16/dsm_only/RMSprop_lr0.001_bs128/predictions.csv,results/scenario_5/FUJITA/dataset_16/dsm_only/RMSprop_lr0.001_bs128
True,5,dataset_16,dsm_only,64,FUJITA,RMSprop,0.001,100,5,0.5452167414050823,0.49232007347537704,0.4473842242772873,0.46009859607433173,0.4505355060392584,0.6540109850410423,0.6035127055306427,0.9919330827519053,0.8867713004484304,0.492601506228423,0.39865737521111566,0.48704728447562146,0,0,0,0,"[[248, 105, 21, 4, 7], [72, 923, 332, 55, 19], [8, 242, 192, 20, 11], [3, 92, 122, 20, 10], [9, 37, 37, 11, 76]]",0.5407970867265661,20,val_qwk,12.974477529525757,2676,results/scenario_5/FUJITA/dataset_16/dsm_only/RMSprop_lr0.001_bs64/predictions.csv,results/scenario_5/FUJITA/dataset_16/dsm_only/RMSprop_lr0.001_bs64
True,5,dataset_16,dsm_only,256,FUJITA,Nadam,0.0001,100,5,0.5168161434977578,0.4790282988229594,0.4251587851264486,0.4323260084698031,0.4241172550984255,0.6422357443332501,0.616965620328849,0.9755991605024547,0.8946188340807175,0.49395262062016043,0.3843887118506617,0.4890931919650907,0,0,0,0,"[[259, 94, 22, 4, 6], [103, 836, 411, 36, 15], [10, 223, 216, 20, 4], [5, 92, 133, 13, 4], [8, 24, 56, 23, 59]]",0.5342293560097108,26,val_qwk,10.400202989578247,2676,results/scenario_5/FUJITA/dataset_16/dsm_only/Nadam_lr0.0001_bs256/predictions.csv,results/scenario_5/FUJITA/dataset_16/dsm_only/Nadam_lr0.0001_bs256
True,5,dataset_16,dsm_only,128,FUJITA,Nadam,0.0001,100,5,0.49588938714499253,0.5151352370861076,0.48294840806160055,0.4802620731949889,0.47624738084723656,0.6565874763236629,0.6352765321375187,0.9815183016035212,0.8953662182361734,0.5372147912494123,0.41929588924497496,0.5267778000115697,0,0,0,0,"[[281, 64, 31, 3, 6], [100, 662, 544, 78, 17], [8, 151, 249, 56, 9], [6, 52, 123, 59, 7], [11, 11, 48, 24, 76]]",0.5759967042860532,37,val_qwk,17.751697778701782,2676,results/scenario_5/FUJITA/dataset_16/dsm_only/Nadam_lr0.0001_bs128/predictions.csv,results/scenario_5/FUJITA/dataset_16/dsm_only/Nadam_lr0.0001_bs128
True,5,dataset_16,dsm_only,64,FUJITA,Nadam,0.0001,100,5,0.5455904334828101,0.5013171318432998,0.4391370359300182,0.4468803886842704,0.4388512340629102,0.6563013338575714,0.5758594917787743,0.9393013337133591,0.9050822122571002,0.5283604685015564,0.41739887698866596,0.5266837329311219,0,0,0,0,"[[289, 72, 17, 3, 4], [119, 914, 333, 28, 7], [7, 262, 185, 16, 3], [9, 91, 131, 12, 4], [10, 24, 51, 25, 60]]",0.5620932070986018,20,val_qwk,17.45682644844055,2676,results/scenario_5/FUJITA/dataset_16/dsm_only/Nadam_lr0.0001_bs64/predictions.csv,results/scenario_5/FUJITA/dataset_16/dsm_only/Nadam_lr0.0001_bs64
True,5,dataset_16,dsm_only,256,FUJITA,Nadam,0.001,100,5,0.5597907324364724,0.513638906733815,0.46698897317475974,0.47233477024399007,0.4661302154833093,0.6696113403497943,0.5792227204783259,0.9677150132070124,0.8949925261584455,0.5188669173760916,0.4274134210936821,0.5211244379405644,0,0,0,0,"[[311, 52, 17, 4, 1], [114, 911, 326, 40, 10], [16, 242, 185, 21, 9], [9, 91, 113, 27, 7], [14, 38, 32, 22, 64]]",0.5586697527594133,16,val_qwk,8.3923180103302,2676,results/scenario_5/FUJITA/dataset_16/dsm_only/Nadam_lr0.001_bs256/predictions.csv,results/scenario_5/FUJITA/dataset_16/dsm_only/Nadam_lr0.001_bs256
True,5,dataset_16,dsm_only,128,FUJITA,Nadam,0.001,100,5,0.48056801195814647,0.5181151236109011,0.45419300999122847,0.4446717906028675,0.4398250822292732,0.6517795783175662,0.6334080717488789,0.9628759239087087,0.9121823617339312,0.5209815124420667,0.4020025798231671,0.51972985485663,0,0,0,0,"[[298, 59, 22, 3, 3], [111, 612, 630, 40, 8], [10, 140, 292, 26, 5], [7, 49, 159, 28, 4], [15, 16, 57, 26, 56]]",0.5528895528096555,7,val_qwk,8.27645492553711,2676,results/scenario_5/FUJITA/dataset_16/dsm_only/Nadam_lr0.001_bs128/predictions.csv,results/scenario_5/FUJITA/dataset_16/dsm_only/Nadam_lr0.001_bs128
True,5,dataset_16,dsm_only,64,FUJITA,Nadam,0.001,100,5,0.5272795216741405,0.5345156403778732,0.44127475804388644,0.4586972479511548,0.44243090233898885,0.652908755397597,0.5971599402092675,0.9513580883437636,0.9002242152466368,0.5080446243473762,0.40086149886904454,0.498773667816296,0,0,0,0,"[[247, 104, 30, 2, 2], [66, 832, 452, 42, 9], [5, 200, 246, 17, 5], [3, 79, 130, 30, 5], [11, 26, 53, 24, 56]]",0.5519270694038604,10,val_qwk,12.678033351898193,2676,results/scenario_5/FUJITA/dataset_16/dsm_only/Nadam_lr0.001_bs64/predictions.csv,results/scenario_5/FUJITA/dataset_16/dsm_only/Nadam_lr0.001_bs64
True,5,dataset_16,dsm_only,256,FUJITA,Adamax,0.0001,100,5,0.53101644245142,0.4445570747750584,0.4036017841530592,0.39975312134708263,0.39908441640029557,0.6369691336610631,0.625186846038864,1.0212612735919808,0.8875186846038864,0.4370220083090842,0.3560799730059607,0.4641059615675134,0,0,0,0,"[[298, 66, 13, 4, 4], [151, 931, 292, 15, 12], [13, 303, 144, 11, 2], [13, 128, 99, 4, 3], [20, 40, 37, 29, 44]]",0.501943034210153,55,val_qwk,15.251300573348999,2676,results/scenario_5/FUJITA/dataset_16/dsm_only/Adamax_lr0.0001_bs256/predictions.csv,results/scenario_5/FUJITA/dataset_16/dsm_only/Adamax_lr0.0001_bs256
True,5,dataset_16,dsm_only,128,FUJITA,Adamax,0.0001,100,5,0.5085949177877429,0.47102355017575614,0.39874389846908576,0.40665514848009243,0.39731722885665327,0.6318719871436215,0.624813153961136,0.9853182318100177,0.8994768310911808,0.45855575991387043,0.3589087496328349,0.4627298986115323,0,0,0,0,"[[243, 112, 22, 3, 5], [89, 847, 433, 20, 12], [8, 231, 218, 14, 2], [6, 94, 136, 8, 3], [13, 31, 53, 28, 45]]",0.5124657911727355,26,val_qwk,11.488647699356079,2676,results/scenario_5/FUJITA/dataset_16/dsm_only/Adamax_lr0.0001_bs128/predictions.csv,results/scenario_5/FUJITA/dataset_16/dsm_only/Adamax_lr0.0001_bs128
True,5,dataset_16,dsm_only,64,FUJITA,Adamax,0.0001,100,5,0.5343796711509716,0.49722798486812375,0.42837147581756685,0.4306402943325936,0.42492400430886407,0.6519247806534624,0.5964125560538116,0.9650081127628186,0.9002242152466368,0.497567926281947,0.3972438795689067,0.508875488682834,0,0,0,0,"[[293, 67, 19, 2, 4], [132, 879, 359, 24, 7], [11, 249, 196, 13, 4], [14, 83, 134, 14, 2], [11, 30, 58, 23, 48]]",0.5543517715718613,55,val_qwk,27.56965160369873,2676,results/scenario_5/FUJITA/dataset_16/dsm_only/Adamax_lr0.0001_bs64/predictions.csv,results/scenario_5/FUJITA/dataset_16/dsm_only/Adamax_lr0.0001_bs64
True,5,dataset_16,dsm_only,256,FUJITA,Adamax,0.001,100,5,0.492152466367713,0.5043567002441698,0.43283422057283893,0.4327324546071127,0.4247620833978355,0.6454455081745802,0.6270553064275037,0.9626818543866511,0.9054559043348281,0.5080319320225809,0.3914180766258454,0.507111425122968,0,0,0,0,"[[277, 74, 26, 3, 5], [103, 702, 543, 45, 8], [7, 172, 267, 24, 3], [4, 61, 158, 21, 3], [11, 19, 61, 29, 50]]",0.5505419843521271,12,val_qwk,6.0821592807769775,2676,results/scenario_5/FUJITA/dataset_16/dsm_only/Adamax_lr0.001_bs256/predictions.csv,results/scenario_5/FUJITA/dataset_16/dsm_only/Adamax_lr0.001_bs256
True,5,dataset_16,dsm_only,128,FUJITA,Adamax,0.001,100,5,0.523916292974589,0.5164472102820167,0.4492903048045587,0.4569199255583145,0.44726060817277685,0.655337143690983,0.594170403587444,0.9418837468213147,0.9050822122571002,0.5347192682095109,0.4173530428323924,0.5221408300869277,0,0,0,0,"[[287, 69, 24, 2, 3], [103, 806, 442, 44, 6], [10, 206, 226, 28, 3], [5, 75, 139, 22, 6], [11, 21, 50, 27, 61]]",0.5688276785816939,26,val_qwk,10.994932651519775,2676,results/scenario_5/FUJITA/dataset_16/dsm_only/Adamax_lr0.001_bs128/predictions.csv,results/scenario_5/FUJITA/dataset_16/dsm_only/Adamax_lr0.001_bs128
True,5,dataset_16,dsm_only,64,FUJITA,Adamax,0.001,100,5,0.5366218236173393,0.5295810154330047,0.45065576397396157,0.46120188550091645,0.4498115751667979,0.6598230406264398,0.5795964125560538,0.9321126974338934,0.9076980568011959,0.5340015513058922,0.4216940998384273,0.5286643900059799,0,0,0,0,"[[289, 74, 15, 3, 4], [87, 841, 434, 36, 3], [8, 211, 228, 23, 3], [5, 82, 133, 21, 6], [8, 29, 51, 25, 57]]",0.5773088962600988,24,val_qwk,15.137864351272583,2676,results/scenario_5/FUJITA/dataset_16/dsm_only/Adamax_lr0.001_bs64/predictions.csv,results/scenario_5/FUJITA/dataset_16/dsm_only/Adamax_lr0.001_bs64
