ordinal,scenario,dataset,dsm_mode_tag,variant_tag,dsm_post_concat_with_rgb,use_four_stream,residual,fusion,batch_size,model,optimizer,learning_rate,epochs,num_classes,accuracy,precision,recall,macro_f1,macro_f2,mcc,mae,rmse,off_by_one_accuracy,qwk,linear_kappa,spearman,cm00,cm01,cm10,cm11,confusion_matrix_json,best_val_metric,best_val_epoch,monitor_metric,train_time_sec,num_test_samples,predictions_csv,result_dir
True,5,dataset_16,dsm_density_uncertainty,4stream,True,True,True,mcmaf,256,MMF,Adam,0.0001,100,5,0.5276532137518685,0.4671694923321229,0.3427756713704323,0.350466623575126,0.3407506886669666,0.6062408507977985,0.6128550074738416,0.9769388755276299,0.8882660687593423,0.45963244433059147,0.32442072291219026,0.4907939317039748,0,0,0,0,"[[205, 156, 14, 7, 3], [238, 1107, 49, 6, 1], [22, 405, 44, 1, 1], [6, 140, 82, 17, 2], [1, 55, 43, 32, 39]]",0.53488268276133,44,val_qwk,64.9012725353241,2676,results/scenario_5/MMF/dataset_16/dsm_density_uncertainty/4stream/residual_True/fusion_mcmaf/Adam_lr0.0001_bs256/predictions.csv,results/scenario_5/MMF/dataset_16/dsm_density_uncertainty/4stream/residual_True/fusion_mcmaf/Adam_lr0.0001_bs256
True,5,dataset_16,dsm_density_uncertainty,4stream,True,True,True,mcmaf,128,MMF,Adam,0.0001,100,5,0.5347533632286996,0.45891124310889514,0.33530713133344153,0.3494275365917009,0.33598851698504156,0.6062039012892781,0.6068759342301944,0.9761735492248691,0.8882660687593423,0.44721493146689995,0.31725127364659156,0.4565448973947973,0,0,0,0,"[[169, 188, 18, 7, 3], [185, 1158, 50, 7, 1], [22, 402, 45, 3, 1], [6, 139, 80, 17, 5], [1, 58, 36, 33, 42]]",0.5406265719242181,24,val_qwk,56.16592526435852,2676,results/scenario_5/MMF/dataset_16/dsm_density_uncertainty/4stream/residual_True/fusion_mcmaf/Adam_lr0.0001_bs128/predictions.csv,results/scenario_5/MMF/dataset_16/dsm_density_uncertainty/4stream/residual_True/fusion_mcmaf/Adam_lr0.0001_bs128
True,5,dataset_16,dsm_density_uncertainty,4stream,True,True,True,mcmaf,64,MMF,Adam,0.0001,100,5,0.5795964125560538,0.5233809211527812,0.3597498762617185,0.38791673239351987,0.36497529618725805,0.6436595562749591,0.5429745889387145,0.9159359772927651,0.9009715994020927,0.4882680936099313,0.3714333195815491,0.522482143190252,0,0,0,0,"[[170, 187, 20, 4, 4], [77, 1251, 63, 10, 0], [3, 391, 70, 8, 1], [2, 123, 98, 20, 4], [1, 47, 50, 32, 40]]",0.5623798966358942,37,val_qwk,104.11640119552612,2676,results/scenario_5/MMF/dataset_16/dsm_density_uncertainty/4stream/residual_True/fusion_mcmaf/Adam_lr0.0001_bs64/predictions.csv,results/scenario_5/MMF/dataset_16/dsm_density_uncertainty/4stream/residual_True/fusion_mcmaf/Adam_lr0.0001_bs64
True,5,dataset_16,dsm_density_uncertainty,4stream,True,True,True,mcmaf,256,MMF,Adam,0.001,100,5,0.5896860986547086,0.54457138893377,0.3806796370124458,0.4162552345676236,0.38814051652999754,0.6519673620161034,0.5280269058295964,0.9015432707631376,0.9054559043348281,0.5164194550876533,0.3924379396812939,0.5083966309249397,0,0,0,0,"[[148, 207, 21, 6, 3], [41, 1281, 66, 9, 4], [4, 395, 59, 13, 2], [0, 128, 85, 27, 7], [1, 44, 31, 31, 63]]",0.5833769678288594,25,val_qwk,43.35337448120117,2676,results/scenario_5/MMF/dataset_16/dsm_density_uncertainty/4stream/residual_True/fusion_mcmaf/Adam_lr0.001_bs256/predictions.csv,results/scenario_5/MMF/dataset_16/dsm_density_uncertainty/4stream/residual_True/fusion_mcmaf/Adam_lr0.001_bs256
True,5,dataset_16,dsm_density_uncertainty,4stream,True,True,True,mcmaf,128,MMF,Adam,0.001,100,5,0.5751121076233184,0.5069297313232749,0.3591755222551519,0.374651609622504,0.3594339102674343,0.6372827601434023,0.5620328849028401,0.9466327706094002,0.8916292974588939,0.4608639017937799,0.3464454409877211,0.5124409652404116,0,0,0,0,"[[198, 174, 10, 2, 1], [108, 1251, 37, 2, 3], [14, 423, 32, 3, 1], [4, 153, 78, 11, 1], [2, 62, 36, 23, 47]]",0.5408232770288013,5,val_qwk,30.17721128463745,2676,results/scenario_5/MMF/dataset_16/dsm_density_uncertainty/4stream/residual_True/fusion_mcmaf/Adam_lr0.001_bs128/predictions.csv,results/scenario_5/MMF/dataset_16/dsm_density_uncertainty/4stream/residual_True/fusion_mcmaf/Adam_lr0.001_bs128
True,5,dataset_16,dsm_density_uncertainty,4stream,True,True,True,mcmaf,64,MMF,Adam,0.001,100,5,0.594170403587444,0.5411942525899145,0.37957562569851533,0.4134052616397123,0.3866919581619415,0.656787233432516,0.5265321375186846,0.9077395173672536,0.9043348281016442,0.503311659648056,0.3918748784309095,0.5330142123195981,0,0,0,0,"[[172, 193, 12, 5, 3], [39, 1276, 69, 13, 4], [1, 390, 70, 9, 3], [1, 126, 100, 17, 3], [5, 41, 42, 27, 55]]",0.5797392801464742,41,val_qwk,110.99171590805054,2676,results/scenario_5/MMF/dataset_16/dsm_density_uncertainty/4stream/residual_True/fusion_mcmaf/Adam_lr0.001_bs64/predictions.csv,results/scenario_5/MMF/dataset_16/dsm_density_uncertainty/4stream/residual_True/fusion_mcmaf/Adam_lr0.001_bs64
True,5,dataset_16,dsm_density_uncertainty,4stream,True,True,True,mcmaf,256,MMF,SGD,0.0001,100,5,0.5175635276532138,0.16865205690119187,0.20675732547252887,0.1569015492253873,0.18073514790309464,0.5122792663204677,0.7059043348281017,1.1333047565200507,0.8419282511210763,0.021414080025739746,0.013792950061865095,0.08934457823772853,0,0,0,0,"[[24, 361, 0, 0, 0], [40, 1361, 0, 0, 0], [6, 467, 0, 0, 0], [4, 243, 0, 0, 0], [1, 169, 0, 0, 0]]",0.022577850197661675,1,val_qwk,15.990170001983643,2676,results/scenario_5/MMF/dataset_16/dsm_density_uncertainty/4stream/residual_True/fusion_mcmaf/SGD_lr0.0001_bs256/predictions.csv,results/scenario_5/MMF/dataset_16/dsm_density_uncertainty/4stream/residual_True/fusion_mcmaf/SGD_lr0.0001_bs256
True,5,dataset_16,dsm_density_uncertainty,4stream,True,True,True,mcmaf,128,MMF,SGD,0.0001,100,5,0.4891629297458894,0.14444095477386934,0.2083398685540013,0.1660502345689034,0.18783827591267416,0.5090926225079234,0.7608370702541106,1.195094607583949,0.8269805680119582,0.019761054781664567,0.015059548343710039,0.05100961062953609,0,0,0,0,"[[57, 328, 0, 0, 0], [149, 1252, 0, 0, 0], [46, 427, 0, 0, 0], [18, 229, 0, 0, 0], [18, 152, 0, 0, 0]]",0.023672741413707787,18,val_qwk,40.46227955818176,2676,results/scenario_5/MMF/dataset_16/dsm_density_uncertainty/4stream/residual_True/fusion_mcmaf/SGD_lr0.0001_bs128/predictions.csv,results/scenario_5/MMF/dataset_16/dsm_density_uncertainty/4stream/residual_True/fusion_mcmaf/SGD_lr0.0001_bs128
True,5,dataset_16,dsm_density_uncertainty,4stream,True,True,True,mcmaf,64,MMF,SGD,0.0001,100,5,0.5022421524663677,0.15048560189858773,0.2088155955393643,0.16484536082474227,0.1866143937990499,0.511070133783958,0.7357997010463379,1.1664531087906937,0.8329596412556054,0.02484888300127419,0.016638068722409027,0.06843756230980325,0,0,0,0,"[[45, 340, 0, 0, 0], [102, 1299, 0, 0, 0], [30, 443, 0, 0, 0], [11, 236, 0, 0, 0], [9, 161, 0, 0, 0]]",0.03100045012078778,32,val_qwk,87.78224754333496,2676,results/scenario_5/MMF/dataset_16/dsm_density_uncertainty/4stream/residual_True/fusion_mcmaf/SGD_lr0.0001_bs64/predictions.csv,results/scenario_5/MMF/dataset_16/dsm_density_uncertainty/4stream/residual_True/fusion_mcmaf/SGD_lr0.0001_bs64
True,5,dataset_16,dsm_density_uncertainty,4stream,True,True,True,mcmaf,256,MMF,SGD,0.001,100,5,0.4562780269058296,0.14441362125815585,0.2153671310844758,0.17284580332923521,0.19605333053366086,0.510567863209306,0.8172645739910314,1.243969008404731,0.8101644245142003,0.05070094154485716,0.027462124044688396,0.0977133667916263,0,0,0,0,"[[109, 276, 0, 0, 0], [289, 1112, 0, 0, 0], [91, 382, 0, 0, 0], [33, 214, 0, 0, 0], [21, 149, 0, 0, 0]]",0.051389597532007336,1,val_qwk,15.678920269012451,2676,results/scenario_5/MMF/dataset_16/dsm_density_uncertainty/4stream/residual_True/fusion_mcmaf/SGD_lr0.001_bs256/predictions.csv,results/scenario_5/MMF/dataset_16/dsm_density_uncertainty/4stream/residual_True/fusion_mcmaf/SGD_lr0.001_bs256
True,5,dataset_16,dsm_density_uncertainty,4stream,True,True,True,mcmaf,128,MMF,SGD,0.001,100,5,0.47384155455904337,0.1520468896274494,0.21793264551294528,0.17730179028132992,0.19901435363643988,0.5081030540550431,0.7709267563527653,1.1864645198240005,0.8262331838565022,0.08054875425909525,0.03812353708422889,0.1706243857187543,0,0,0,0,"[[98, 287, 0, 0, 0], [231, 1170, 0, 0, 0], [48, 425, 0, 0, 0], [13, 234, 0, 0, 0], [7, 163, 0, 0, 0]]",0.08339830203186238,100,val_qwk,141.13774991035461,2676,results/scenario_5/MMF/dataset_16/dsm_density_uncertainty/4stream/residual_True/fusion_mcmaf/SGD_lr0.001_bs128/predictions.csv,results/scenario_5/MMF/dataset_16/dsm_density_uncertainty/4stream/residual_True/fusion_mcmaf/SGD_lr0.001_bs128
True,5,dataset_16,dsm_density_uncertainty,4stream,True,True,True,mcmaf,64,MMF,SGD,0.001,100,5,0.5145739910313901,0.3169204295756859,0.2610811728418455,0.22514084280769558,0.24374744073603716,0.5627449519850474,0.7002989536621823,1.1151893268313793,0.8404334828101644,0.1930691346856407,0.13585700662768374,0.35098243400193374,0,0,0,0,"[[163, 218, 2, 1, 1], [190, 1207, 4, 0, 0], [27, 441, 5, 0, 0], [6, 224, 15, 1, 1], [3, 133, 30, 3, 1]]",0.21804040431622596,99,val_qwk,199.21690583229065,2676,results/scenario_5/MMF/dataset_16/dsm_density_uncertainty/4stream/residual_True/fusion_mcmaf/SGD_lr0.001_bs64/predictions.csv,results/scenario_5/MMF/dataset_16/dsm_density_uncertainty/4stream/residual_True/fusion_mcmaf/SGD_lr0.001_bs64
True,5,dataset_16,dsm_density_uncertainty,4stream,True,True,True,mcmaf,256,MMF,RMSprop,0.0001,100,5,0.4966367713004484,0.42345080111507655,0.327039865856371,0.3149979469930841,0.316054780834381,0.587220957945012,0.6625560538116592,1.0227238755209238,0.8721973094170403,0.43284530062941773,0.28980020004245133,0.47672424730385843,0,0,0,0,"[[234, 132, 14, 3, 2], [339, 1026, 30, 5, 1], [43, 402, 26, 2, 0], [12, 160, 66, 7, 2], [1, 62, 39, 32, 36]]",0.5041794137064668,43,val_qwk,60.47260904312134,2676,results/scenario_5/MMF/dataset_16/dsm_density_uncertainty/4stream/residual_True/fusion_mcmaf/RMSprop_lr0.0001_bs256/predictions.csv,results/scenario_5/MMF/dataset_16/dsm_density_uncertainty/4stream/residual_True/fusion_mcmaf/RMSprop_lr0.0001_bs256
True,5,dataset_16,dsm_density_uncertainty,4stream,True,True,True,mcmaf,128,MMF,RMSprop,0.0001,100,5,0.4977578475336323,0.4433683436599175,0.3330831529094077,0.3225548435772075,0.32226138755794514,0.5911500507379068,0.6543348281016442,1.0113333855566151,0.8785500747384155,0.449144182562353,0.3039781749539,0.5004447475090176,0,0,0,0,"[[242, 129, 9, 3, 2], [349, 1012, 35, 4, 1], [41, 397, 31, 4, 0], [10, 150, 69, 15, 3], [2, 60, 43, 33, 32]]",0.5182516325403362,21,val_qwk,49.02189588546753,2676,results/scenario_5/MMF/dataset_16/dsm_density_uncertainty/4stream/residual_True/fusion_mcmaf/RMSprop_lr0.0001_bs128/predictions.csv,results/scenario_5/MMF/dataset_16/dsm_density_uncertainty/4stream/residual_True/fusion_mcmaf/RMSprop_lr0.0001_bs128
True,5,dataset_16,dsm_density_uncertainty,4stream,True,True,True,mcmaf,64,MMF,RMSprop,0.0001,100,5,0.5597907324364724,0.5040975263008866,0.3634703375280262,0.38766288934998394,0.36835476121874255,0.6319242506457278,0.5650224215246636,0.9315111402899618,0.8998505231689088,0.49398911375829424,0.3686203316102732,0.5051319275018554,0,0,0,0,"[[189, 169, 21, 3, 3], [125, 1174, 82, 18, 2], [10, 385, 67, 11, 0], [5, 119, 91, 29, 3], [2, 46, 39, 44, 39]]",0.5706192189774768,26,val_qwk,78.25688076019287,2676,results/scenario_5/MMF/dataset_16/dsm_density_uncertainty/4stream/residual_True/fusion_mcmaf/RMSprop_lr0.0001_bs64/predictions.csv,results/scenario_5/MMF/dataset_16/dsm_density_uncertainty/4stream/residual_True/fusion_mcmaf/RMSprop_lr0.0001_bs64
True,5,dataset_16,dsm_density_uncertainty,4stream,True,True,True,mcmaf,256,MMF,RMSprop,0.001,100,5,0.600896860986547,0.5255662037053491,0.3928482975796773,0.4103253501277672,0.3941007806729135,0.6643050826038261,0.5358744394618834,0.9299050854052157,0.8893871449925261,0.49380625770048736,0.38745358473796276,0.5425936763637506,0,0,0,0,"[[233, 133, 12, 7, 0], [91, 1270, 31, 7, 2], [9, 422, 37, 4, 1], [4, 164, 60, 14, 5], [4, 49, 37, 26, 54]]",0.576535588258507,23,val_qwk,39.537926197052,2676,results/scenario_5/MMF/dataset_16/dsm_density_uncertainty/4stream/residual_True/fusion_mcmaf/RMSprop_lr0.001_bs256/predictions.csv,results/scenario_5/MMF/dataset_16/dsm_density_uncertainty/4stream/residual_True/fusion_mcmaf/RMSprop_lr0.001_bs256
True,5,dataset_16,dsm_density_uncertainty,4stream,True,True,True,mcmaf,128,MMF,RMSprop,0.001,100,5,0.5852017937219731,0.5531752056778652,0.36647048511919317,0.40201788501017593,0.3737618128981808,0.6479262782225428,0.5276532137518685,0.8934239072393942,0.9080717488789237,0.5075420317065152,0.384404039508802,0.5279066384970935,0,0,0,0,"[[157, 207, 16, 2, 3], [38, 1268, 84, 10, 1], [4, 388, 73, 7, 1], [3, 114, 108, 19, 3], [1, 42, 49, 29, 49]]",0.575579599660746,26,val_qwk,55.67413592338562,2676,results/scenario_5/MMF/dataset_16/dsm_density_uncertainty/4stream/residual_True/fusion_mcmaf/RMSprop_lr0.001_bs128/predictions.csv,results/scenario_5/MMF/dataset_16/dsm_density_uncertainty/4stream/residual_True/fusion_mcmaf/RMSprop_lr0.001_bs128
True,5,dataset_16,dsm_density_uncertainty,4stream,True,True,True,mcmaf,64,MMF,RMSprop,0.001,100,5,0.5612855007473841,0.540489463907452,0.3909097815095768,0.42026980550809323,0.3981318766640224,0.6383871707164338,0.5579222720478326,0.9212245700805962,0.9050822122571002,0.5264569336718234,0.3978376058122032,0.4680343245092899,0,0,0,0,"[[84, 245, 36, 15, 5], [16, 1168, 165, 39, 13], [0, 314, 122, 31, 6], [0, 85, 88, 59, 15], [0, 27, 28, 46, 69]]",0.5785614166639952,14,val_qwk,53.7752571105957,2676,results/scenario_5/MMF/dataset_16/dsm_density_uncertainty/4stream/residual_True/fusion_mcmaf/RMSprop_lr0.001_bs64/predictions.csv,results/scenario_5/MMF/dataset_16/dsm_density_uncertainty/4stream/residual_True/fusion_mcmaf/RMSprop_lr0.001_bs64
True,5,dataset_16,dsm_density_uncertainty,4stream,True,True,True,mcmaf,256,MMF,Nadam,0.0001,100,5,0.5250373692077728,0.48070765307518926,0.34824273295688213,0.3600208411673039,0.3476850679789709,0.606497822340071,0.6143497757847534,0.975024433406625,0.8878923766816144,0.4679152058795393,0.329487676584413,0.4907516665146908,0,0,0,0,"[[202, 161, 12, 7, 3], [246, 1091, 56, 7, 1], [26, 394, 46, 6, 1], [7, 135, 77, 26, 2], [1, 50, 50, 29, 40]]",0.5341214554853564,37,val_qwk,63.796069860458374,2676,results/scenario_5/MMF/dataset_16/dsm_density_uncertainty/4stream/residual_True/fusion_mcmaf/Nadam_lr0.0001_bs256/predictions.csv,results/scenario_5/MMF/dataset_16/dsm_density_uncertainty/4stream/residual_True/fusion_mcmaf/Nadam_lr0.0001_bs256
True,5,dataset_16,dsm_density_uncertainty,4stream,True,True,True,mcmaf,128,MMF,Nadam,0.0001,100,5,0.5624065769805681,0.502357031810354,0.3480361599500357,0.37231149719220663,0.35170260106364204,0.6261017179646471,0.5687593423019432,0.9410899129282211,0.8942451420029895,0.4661924943135678,0.3421845907752419,0.4853607133845076,0,0,0,0,"[[156, 204, 16, 5, 4], [109, 1232, 51, 8, 1], [12, 405, 52, 3, 1], [2, 139, 83, 20, 3], [1, 50, 44, 30, 45]]",0.5457621553144527,37,val_qwk,82.9549720287323,2676,results/scenario_5/MMF/dataset_16/dsm_density_uncertainty/4stream/residual_True/fusion_mcmaf/Nadam_lr0.0001_bs128/predictions.csv,results/scenario_5/MMF/dataset_16/dsm_density_uncertainty/4stream/residual_True/fusion_mcmaf/Nadam_lr0.0001_bs128
True,5,dataset_16,dsm_density_uncertainty,4stream,True,True,True,mcmaf,64,MMF,Nadam,0.0001,100,5,0.5751121076233184,0.5088936586559042,0.35634533483467895,0.38068066336191464,0.36055515947219624,0.6407243000944354,0.5448430493273543,0.9124614781884643,0.9024663677130045,0.4957946011771869,0.37341483077931126,0.5282781288620023,0,0,0,0,"[[181, 178, 18, 5, 3], [86, 1238, 67, 10, 0], [6, 392, 65, 9, 1], [2, 122, 101, 18, 4], [1, 45, 48, 39, 37]]",0.5550689825372672,37,val_qwk,116.31209325790405,2676,results/scenario_5/MMF/dataset_16/dsm_density_uncertainty/4stream/residual_True/fusion_mcmaf/Nadam_lr0.0001_bs64/predictions.csv,results/scenario_5/MMF/dataset_16/dsm_density_uncertainty/4stream/residual_True/fusion_mcmaf/Nadam_lr0.0001_bs64
True,5,dataset_16,dsm_density_uncertainty,4stream,True,True,True,mcmaf,256,MMF,Nadam,0.001,100,5,0.6027653213751868,0.5534298437335593,0.37682312309369626,0.41056935158505886,0.3833117550474898,0.664244163329949,0.5142002989536621,0.8959300100787121,0.9073243647234679,0.509797821432811,0.4008060904612629,0.5535655333828051,0,0,0,0,"[[182, 183, 14, 2, 4], [30, 1304, 53, 13, 1], [2, 400, 60, 10, 1], [0, 121, 99, 22, 5], [4, 46, 40, 35, 45]]",0.5795635464915585,44,val_qwk,67.99602961540222,2676,results/scenario_5/MMF/dataset_16/dsm_density_uncertainty/4stream/residual_True/fusion_mcmaf/Nadam_lr0.001_bs256/predictions.csv,results/scenario_5/MMF/dataset_16/dsm_density_uncertainty/4stream/residual_True/fusion_mcmaf/Nadam_lr0.001_bs256
True,5,dataset_16,dsm_density_uncertainty,4stream,True,True,True,mcmaf,128,MMF,Nadam,0.001,100,5,0.6005231689088192,0.5592061712158323,0.3658311828247891,0.38991452053977327,0.36872977352636477,0.6614000849554125,0.53101644245142,0.9200068239169814,0.8934977578475336,0.47250712503616055,0.37347681683840905,0.5365793540547403,0,0,0,0,"[[203, 160, 18, 4, 0], [53, 1297, 44, 5, 2], [5, 408, 57, 2, 1], [1, 151, 73, 21, 1], [3, 54, 41, 43, 29]]",0.5512614549080455,14,val_qwk,47.01053714752197,2676,results/scenario_5/MMF/dataset_16/dsm_density_uncertainty/4stream/residual_True/fusion_mcmaf/Nadam_lr0.001_bs128/predictions.csv,results/scenario_5/MMF/dataset_16/dsm_density_uncertainty/4stream/residual_True/fusion_mcmaf/Nadam_lr0.001_bs128
True,5,dataset_16,dsm_density_uncertainty,4stream,True,True,True,mcmaf,64,MMF,Nadam,0.001,100,5,0.5814648729446936,0.5561527723263815,0.3337898948311514,0.3618151393602397,0.3366790988438238,0.6390085959438462,0.5448430493273543,0.9193973459939004,0.8961136023916293,0.44865811351111484,0.337650974558964,0.5013097634492627,0,0,0,0,"[[134, 229, 19, 1, 2], [22, 1313, 57, 8, 1], [1, 407, 62, 2, 1], [1, 138, 94, 13, 1], [2, 49, 55, 30, 34]]",0.528364432597442,30,val_qwk,102.39993524551392,2676,results/scenario_5/MMF/dataset_16/dsm_density_uncertainty/4stream/residual_True/fusion_mcmaf/Nadam_lr0.001_bs64/predictions.csv,results/scenario_5/MMF/dataset_16/dsm_density_uncertainty/4stream/residual_True/fusion_mcmaf/Nadam_lr0.001_bs64
True,5,dataset_16,dsm_density_uncertainty,4stream,True,True,True,mcmaf,256,MMF,Adamax,0.0001,100,5,0.47832585949177875,0.42927641188254684,0.31537994600658925,0.2987453897114944,0.30151778906614857,0.5753775284684876,0.6913303437967115,1.0524368476947443,0.867339312406577,0.40806215879293295,0.2667411587107109,0.4645850929443331,0,0,0,0,"[[235, 136, 9, 3, 2], [394, 982, 21, 3, 1], [49, 400, 23, 1, 0], [19, 159, 58, 10, 1], [2, 68, 40, 30, 30]]",0.47739965552991137,66,val_qwk,87.82824230194092,2676,results/scenario_5/MMF/dataset_16/dsm_density_uncertainty/4stream/residual_True/fusion_mcmaf/Adamax_lr0.0001_bs256/predictions.csv,results/scenario_5/MMF/dataset_16/dsm_density_uncertainty/4stream/residual_True/fusion_mcmaf/Adamax_lr0.0001_bs256
True,5,dataset_16,dsm_density_uncertainty,4stream,True,True,True,mcmaf,128,MMF,Adamax,0.0001,100,5,0.4857997010463378,0.40928593244151246,0.30324103211057796,0.28796135615374596,0.2915670233441617,0.5740289965395249,0.6756352765321375,1.0319992352345344,0.8707025411061285,0.4089380507929187,0.26436725684034545,0.4607324171880026,0,0,0,0,"[[214, 155, 11, 3, 2], [341, 1032, 26, 1, 1], [44, 406, 22, 1, 0], [12, 162, 66, 6, 1], [1, 64, 45, 34, 26]]",0.47754414116821986,44,val_qwk,84.9889862537384,2676,results/scenario_5/MMF/dataset_16/dsm_density_uncertainty/4stream/residual_True/fusion_mcmaf/Adamax_lr0.0001_bs128/predictions.csv,results/scenario_5/MMF/dataset_16/dsm_density_uncertainty/4stream/residual_True/fusion_mcmaf/Adamax_lr0.0001_bs128
True,5,dataset_16,dsm_density_uncertainty,4stream,True,True,True,mcmaf,64,MMF,Adamax,0.0001,100,5,0.523916292974589,0.43986814054952106,0.31308779344558585,0.30544547767245134,0.3053640726460169,0.5971208618135433,0.6285500747384155,0.997005981304201,0.8766816143497758,0.41584864336810257,0.28795154877742424,0.4729919068019026,0,0,0,0,"[[202, 165, 13, 3, 2], [228, 1140, 31, 1, 1], [34, 408, 30, 1, 0], [6, 160, 74, 7, 0], [1, 62, 47, 37, 23]]",0.48885671277952725,44,val_qwk,117.34950089454651,2676,results/scenario_5/MMF/dataset_16/dsm_density_uncertainty/4stream/residual_True/fusion_mcmaf/Adamax_lr0.0001_bs64/predictions.csv,results/scenario_5/MMF/dataset_16/dsm_density_uncertainty/4stream/residual_True/fusion_mcmaf/Adamax_lr0.0001_bs64
True,5,dataset_16,dsm_density_uncertainty,4stream,True,True,True,mcmaf,256,MMF,Adamax,0.001,100,5,0.5553064275037369,0.49504075022561195,0.37315755248671517,0.39333653476257713,0.3765088456366121,0.6304109358337084,0.5743647234678625,0.9440633481822954,0.8972346786248132,0.49863359260037843,0.37015682176516074,0.5022969782743919,0,0,0,0,"[[200, 154, 19, 9, 3], [175, 1152, 64, 7, 3], [17, 388, 56, 11, 1], [5, 128, 82, 29, 3], [2, 45, 36, 38, 49]]",0.5701582356241104,21,val_qwk,38.728087186813354,2676,results/scenario_5/MMF/dataset_16/dsm_density_uncertainty/4stream/residual_True/fusion_mcmaf/Adamax_lr0.001_bs256/predictions.csv,results/scenario_5/MMF/dataset_16/dsm_density_uncertainty/4stream/residual_True/fusion_mcmaf/Adamax_lr0.001_bs256
True,5,dataset_16,dsm_density_uncertainty,4stream,True,True,True,mcmaf,128,MMF,Adamax,0.001,100,5,0.5900597907324364,0.5688798915845524,0.3631625539772498,0.39886321964891613,0.36946237169901436,0.6500807078531339,0.53101644245142,0.9073277507244439,0.9028400597907325,0.4879131325787228,0.37224454918969185,0.5107207347982764,0,0,0,0,"[[148, 212, 16, 7, 2], [45, 1298, 53, 4, 1], [4, 405, 60, 3, 1], [1, 135, 81, 28, 2], [1, 49, 39, 36, 45]]",0.5606870729130793,24,val_qwk,54.613131046295166,2676,results/scenario_5/MMF/dataset_16/dsm_density_uncertainty/4stream/residual_True/fusion_mcmaf/Adamax_lr0.001_bs128/predictions.csv,results/scenario_5/MMF/dataset_16/dsm_density_uncertainty/4stream/residual_True/fusion_mcmaf/Adamax_lr0.001_bs128
True,5,dataset_16,dsm_density_uncertainty,4stream,True,True,True,mcmaf,64,MMF,Adamax,0.001,100,5,0.5855754857997011,0.5738178443909612,0.3567944927557043,0.3932295903271136,0.36384036773513906,0.6479035765103376,0.5306427503736921,0.8984291223532197,0.9043348281016442,0.4929000960129365,0.3765250845646675,0.5176436302424673,0,0,0,0,"[[148, 209, 21, 5, 2], [23, 1280, 86, 11, 1], [3, 385, 71, 13, 1], [0, 116, 94, 35, 2], [2, 41, 53, 41, 33]]",0.5668631017289458,41,val_qwk,110.09504127502441,2676,results/scenario_5/MMF/dataset_16/dsm_density_uncertainty/4stream/residual_True/fusion_mcmaf/Adamax_lr0.001_bs64/predictions.csv,results/scenario_5/MMF/dataset_16/dsm_density_uncertainty/4stream/residual_True/fusion_mcmaf/Adamax_lr0.001_bs64
True,5,dataset_16,dsm_density,4stream,True,True,True,mcmaf,256,MMF,Adam,0.0001,100,5,0.45029895366218237,0.4270152180255996,0.31136001192040175,0.3018598902986526,0.2995858515455364,0.562169179767845,0.7159940209267563,1.0598671547180922,0.8695814648729447,0.4213392263667205,0.26317837689935186,0.44819671198078886,0,0,0,0,"[[224, 142, 15, 3, 1], [458, 901, 37, 4, 1], [55, 384, 30, 4, 0], [21, 147, 62, 14, 3], [3, 63, 36, 32, 36]]",0.49355148270468174,22,val_qwk,40.75314998626709,2676,results/scenario_5/MMF/dataset_16/dsm_density/4stream/residual_True/fusion_mcmaf/Adam_lr0.0001_bs256/predictions.csv,results/scenario_5/MMF/dataset_16/dsm_density/4stream/residual_True/fusion_mcmaf/Adam_lr0.0001_bs256
True,5,dataset_16,dsm_density,4stream,True,True,True,mcmaf,128,MMF,Adam,0.0001,100,5,0.5183109118086696,0.4343913799804616,0.31177728863934717,0.30620375815705725,0.30471942677253216,0.591498735646373,0.6386397608370703,1.009113924098102,0.875186846038864,0.40345357358477607,0.27663091961658914,0.4613561034678222,0,0,0,0,"[[195, 167, 18, 4, 1], [244, 1129, 26, 1, 1], [26, 415, 30, 2, 0], [7, 160, 72, 6, 2], [1, 70, 45, 27, 27]]",0.4935855757489055,38,val_qwk,75.01975226402283,2676,results/scenario_5/MMF/dataset_16/dsm_density/4stream/residual_True/fusion_mcmaf/Adam_lr0.0001_bs128/predictions.csv,results/scenario_5/MMF/dataset_16/dsm_density/4stream/residual_True/fusion_mcmaf/Adam_lr0.0001_bs128
True,5,dataset_16,dsm_density,4stream,True,True,True,mcmaf,64,MMF,Adam,0.0001,100,5,0.5754857997010463,0.5181637310418565,0.35258857150007594,0.3805014355340914,0.3573734627310321,0.6383110221918012,0.554932735426009,0.929704133466531,0.8923766816143498,0.4705958425578953,0.3539873907681643,0.49769768922434476,0,0,0,0,"[[163, 188, 24, 7, 3], [70, 1259, 60, 9, 3], [5, 404, 56, 7, 1], [0, 138, 83, 23, 3], [1, 43, 54, 33, 39]]",0.5569159538353524,48,val_qwk,126.02636790275574,2676,results/scenario_5/MMF/dataset_16/dsm_density/4stream/residual_True/fusion_mcmaf/Adam_lr0.0001_bs64/predictions.csv,results/scenario_5/MMF/dataset_16/dsm_density/4stream/residual_True/fusion_mcmaf/Adam_lr0.0001_bs64
True,5,dataset_16,dsm_density,4stream,True,True,True,mcmaf,256,MMF,Adam,0.001,100,5,0.5979073243647235,0.5522778855154662,0.42348962171904336,0.4615989362837274,0.43447608483630373,0.6693634324766397,0.5179372197309418,0.8971804363816729,0.9095665171898356,0.5544046353450627,0.4407879341997023,0.5328783255935722,0,0,0,0,"[[169, 174, 22, 16, 4], [25, 1211, 131, 21, 13], [1, 337, 105, 24, 6], [0, 92, 95, 46, 14], [2, 27, 38, 34, 69]]",0.6080308216765977,56,val_qwk,73.32668924331665,2676,results/scenario_5/MMF/dataset_16/dsm_density/4stream/residual_True/fusion_mcmaf/Adam_lr0.001_bs256/predictions.csv,results/scenario_5/MMF/dataset_16/dsm_density/4stream/residual_True/fusion_mcmaf/Adam_lr0.001_bs256
True,5,dataset_16,dsm_density,4stream,True,True,True,mcmaf,128,MMF,Adam,0.001,100,5,0.5840807174887892,0.5221952986879284,0.3721178177491903,0.40321293874929065,0.3780933135497482,0.6456133221169162,0.546711509715994,0.9301059939276863,0.8968609865470852,0.4817217946002167,0.36684058792306573,0.4878101500246895,0,0,0,0,"[[157, 203, 14, 10, 1], [36, 1270, 77, 10, 8], [2, 400, 61, 9, 1], [1, 147, 78, 13, 8], [1, 51, 30, 26, 62]]",0.5750548728353944,14,val_qwk,41.30074429512024,2676,results/scenario_5/MMF/dataset_16/dsm_density/4stream/residual_True/fusion_mcmaf/Adam_lr0.001_bs128/predictions.csv,results/scenario_5/MMF/dataset_16/dsm_density/4stream/residual_True/fusion_mcmaf/Adam_lr0.001_bs128
True,5,dataset_16,dsm_density,4stream,True,True,True,mcmaf,64,MMF,Adam,0.001,100,5,0.554185351270553,0.507644187363753,0.32962689080797125,0.358662378323711,0.3348278731970683,0.6209333881816419,0.5627802690582959,0.9140981817068127,0.9024663677130045,0.4800043382681133,0.3471599584909658,0.478983444113224,0,0,0,0,"[[110, 242, 23, 10, 0], [26, 1225, 129, 17, 4], [1, 366, 84, 18, 4], [0, 110, 92, 36, 9], [0, 38, 54, 50, 28]]",0.5498632651358542,19,val_qwk,66.35263538360596,2676,results/scenario_5/MMF/dataset_16/dsm_density/4stream/residual_True/fusion_mcmaf/Adam_lr0.001_bs64/predictions.csv,results/scenario_5/MMF/dataset_16/dsm_density/4stream/residual_True/fusion_mcmaf/Adam_lr0.001_bs64
True,5,dataset_16,dsm_density,4stream,True,True,True,mcmaf,256,MMF,SGD,0.0001,100,5,0.5127055306427504,0.15322626373809642,0.20226443078691472,0.1502075144864456,0.1755880994276274,0.49712722867443926,0.7088938714499252,1.1329749719192899,0.843423019431988,0.018939718978013498,0.0074017065338918275,0.08332524223746345,0,0,0,0,"[[17, 368, 0, 0, 0], [46, 1355, 0, 0, 0], [2, 471, 0, 0, 0], [2, 245, 0, 0, 0], [2, 168, 0, 0, 0]]",0.018922905810296986,1,val_qwk,15.442707777023315,2676,results/scenario_5/MMF/dataset_16/dsm_density/4stream/residual_True/fusion_mcmaf/SGD_lr0.0001_bs256/predictions.csv,results/scenario_5/MMF/dataset_16/dsm_density/4stream/residual_True/fusion_mcmaf/SGD_lr0.0001_bs256
True,5,dataset_16,dsm_density,4stream,True,True,True,mcmaf,128,MMF,SGD,0.0001,100,5,0.515695067264574,0.1409361158772595,0.19963921873986115,0.14259363639503025,0.1710217750807404,0.4909755214327858,0.7047832585949177,1.129175526305708,0.843796711509716,0.009582967778214546,0.0016229026297986948,0.05378530436889244,0,0,0,0,"[[7, 378, 0, 0, 0], [28, 1373, 0, 0, 0], [1, 472, 0, 0, 0], [1, 246, 0, 0, 0], [1, 169, 0, 0, 0]]",0.014955124609343562,1,val_qwk,20.201452016830444,2676,results/scenario_5/MMF/dataset_16/dsm_density/4stream/residual_True/fusion_mcmaf/SGD_lr0.0001_bs128/predictions.csv,results/scenario_5/MMF/dataset_16/dsm_density/4stream/residual_True/fusion_mcmaf/SGD_lr0.0001_bs128
True,5,dataset_16,dsm_density,4stream,True,True,True,mcmaf,64,MMF,SGD,0.0001,100,5,0.47085201793721976,0.14623038295196744,0.21641387876933918,0.17413841297195273,0.19710852450886882,0.5179019765047872,0.8038116591928252,1.2406601743271342,0.8090433482810164,0.03155210060909075,0.024940922973721413,0.061844334501611226,0,0,0,0,"[[97, 288, 0, 0, 0], [238, 1163, 0, 0, 0], [94, 379, 0, 0, 0], [29, 218, 0, 0, 0], [25, 145, 0, 0, 0]]",0.03988773940595025,46,val_qwk,113.25518441200256,2676,results/scenario_5/MMF/dataset_16/dsm_density/4stream/residual_True/fusion_mcmaf/SGD_lr0.0001_bs64/predictions.csv,results/scenario_5/MMF/dataset_16/dsm_density/4stream/residual_True/fusion_mcmaf/SGD_lr0.0001_bs64
True,5,dataset_16,dsm_density,4stream,True,True,True,mcmaf,256,MMF,SGD,0.001,100,5,0.4465620328849028,0.14031115130191488,0.2105253205039072,0.16838248587172674,0.19136301563315444,0.5074886612102824,0.8381913303437967,1.2715996305161656,0.8086696562032885,0.02828965985339571,0.01810936418794784,0.05740901157417009,0,0,0,0,"[[106, 279, 0, 0, 0], [312, 1089, 0, 0, 0], [95, 378, 0, 0, 0], [50, 197, 0, 0, 0], [30, 140, 0, 0, 0]]",0.0584357126047923,1,val_qwk,15.300774097442627,2676,results/scenario_5/MMF/dataset_16/dsm_density/4stream/residual_True/fusion_mcmaf/SGD_lr0.001_bs256/predictions.csv,results/scenario_5/MMF/dataset_16/dsm_density/4stream/residual_True/fusion_mcmaf/SGD_lr0.001_bs256
True,5,dataset_16,dsm_density,4stream,True,True,True,mcmaf,128,MMF,SGD,0.001,100,5,0.4192825112107623,0.1389423230140671,0.21215940376539946,0.16717190961167117,0.19119139962708517,0.49835450425509964,0.8628550074738416,1.2677734917200005,0.8015695067264574,0.08276088950264082,0.028591911331211084,0.14842953052339217,0,0,0,0,"[[138, 247, 0, 0, 0], [417, 984, 0, 0, 0], [114, 359, 0, 0, 0], [37, 210, 0, 0, 0], [17, 153, 0, 0, 0]]",0.08245299236388404,100,val_qwk,139.38260459899902,2676,results/scenario_5/MMF/dataset_16/dsm_density/4stream/residual_True/fusion_mcmaf/SGD_lr0.001_bs128/predictions.csv,results/scenario_5/MMF/dataset_16/dsm_density/4stream/residual_True/fusion_mcmaf/SGD_lr0.001_bs128
True,5,dataset_16,dsm_density,4stream,True,True,True,mcmaf,64,MMF,SGD,0.001,100,5,0.44095665171898357,0.2117817803964325,0.24239637317157575,0.19261806838274328,0.21870926032598045,0.5238735714976935,0.8060538116591929,1.1983733369482652,0.8183856502242153,0.18213832060398483,0.0981669396685605,0.3041144558110914,0,0,0,0,"[[192, 189, 2, 2, 0], [412, 985, 4, 0, 0], [80, 392, 1, 0, 0], [23, 213, 9, 2, 0], [7, 136, 23, 4, 0]]",0.2096865926013336,81,val_qwk,183.02097749710083,2676,results/scenario_5/MMF/dataset_16/dsm_density/4stream/residual_True/fusion_mcmaf/SGD_lr0.001_bs64/predictions.csv,results/scenario_5/MMF/dataset_16/dsm_density/4stream/residual_True/fusion_mcmaf/SGD_lr0.001_bs64
True,5,dataset_16,dsm_density,4stream,True,True,True,mcmaf,256,MMF,RMSprop,0.0001,100,5,0.44730941704035876,0.4360826825897378,0.30261414132822545,0.28200331424899316,0.2853122866395505,0.5588826493682827,0.7357997010463379,1.0878799612845274,0.8561285500747384,0.38953962273284004,0.24031156625713912,0.44353239850543347,0,0,0,0,"[[238, 136, 8, 2, 1], [481, 898, 20, 1, 1], [76, 374, 22, 1, 0], [18, 168, 49, 12, 0], [3, 76, 31, 33, 27]]",0.45851799447338815,24,val_qwk,40.985631704330444,2676,results/scenario_5/MMF/dataset_16/dsm_density/4stream/residual_True/fusion_mcmaf/RMSprop_lr0.0001_bs256/predictions.csv,results/scenario_5/MMF/dataset_16/dsm_density/4stream/residual_True/fusion_mcmaf/RMSprop_lr0.0001_bs256
True,5,dataset_16,dsm_density,4stream,True,True,True,mcmaf,128,MMF,RMSprop,0.0001,100,5,0.4555306427503737,0.418960329501658,0.2990502168819149,0.2831710954912579,0.28542878326778104,0.5593858843536432,0.7167414050822123,1.0647918875661135,0.8624813153961136,0.3992676659604959,0.24609177390896642,0.4412796643037563,0,0,0,0,"[[221, 144, 17, 2, 1], [434, 938, 27, 1, 1], [56, 392, 22, 3, 0], [15, 167, 54, 10, 1], [3, 67, 38, 34, 28]]",0.4681951446603275,22,val_qwk,50.33586096763611,2676,results/scenario_5/MMF/dataset_16/dsm_density/4stream/residual_True/fusion_mcmaf/RMSprop_lr0.0001_bs128/predictions.csv,results/scenario_5/MMF/dataset_16/dsm_density/4stream/residual_True/fusion_mcmaf/RMSprop_lr0.0001_bs128
True,5,dataset_16,dsm_density,4stream,True,True,True,mcmaf,64,MMF,RMSprop,0.0001,100,5,0.5351270553064275,0.48905111790698647,0.33359417195110197,0.34276803330227373,0.33190757955168104,0.6076134872383196,0.6076233183856502,0.9738739616980949,0.8837817638266069,0.444336884766277,0.314078709870656,0.47318408462192063,0,0,0,0,"[[191, 168, 20, 5, 1], [204, 1149, 45, 2, 1], [20, 408, 42, 3, 0], [8, 153, 69, 17, 0], [2, 51, 48, 36, 33]]",0.5069683955304534,26,val_qwk,75.33938264846802,2676,results/scenario_5/MMF/dataset_16/dsm_density/4stream/residual_True/fusion_mcmaf/RMSprop_lr0.0001_bs64/predictions.csv,results/scenario_5/MMF/dataset_16/dsm_density/4stream/residual_True/fusion_mcmaf/RMSprop_lr0.0001_bs64
True,5,dataset_16,dsm_density,4stream,True,True,True,mcmaf,256,MMF,RMSprop,0.001,100,5,0.5717488789237668,0.5151214950798328,0.36935203090278756,0.39258930479660914,0.3731244686385373,0.6389737068916014,0.5556801195814649,0.928094951587891,0.8968609865470852,0.4956577794479674,0.3715287857332158,0.5125048208116342,0,0,0,0,"[[197, 156, 21, 10, 1], [120, 1220, 50, 11, 0], [7, 413, 42, 10, 1], [4, 134, 84, 23, 2], [2, 45, 40, 35, 48]]",0.5775452034639348,16,val_qwk,32.085766553878784,2676,results/scenario_5/MMF/dataset_16/dsm_density/4stream/residual_True/fusion_mcmaf/RMSprop_lr0.001_bs256/predictions.csv,results/scenario_5/MMF/dataset_16/dsm_density/4stream/residual_True/fusion_mcmaf/RMSprop_lr0.001_bs256
True,5,dataset_16,dsm_density,4stream,True,True,True,mcmaf,128,MMF,RMSprop,0.001,100,5,0.6005231689088192,0.5338207745041378,0.38670977248674726,0.41481150357123237,0.39163495290696476,0.662332719520188,0.5298953662182362,0.9210217241968028,0.8972346786248132,0.49745356352192516,0.3891189948148892,0.5311549777214828,0,0,0,0,"[[196, 165, 13, 9, 2], [53, 1290, 47, 7, 4], [3, 418, 45, 5, 2], [1, 146, 69, 21, 10], [1, 54, 33, 27, 55]]",0.5857356381585483,21,val_qwk,48.52319884300232,2676,results/scenario_5/MMF/dataset_16/dsm_density/4stream/residual_True/fusion_mcmaf/RMSprop_lr0.001_bs128/predictions.csv,results/scenario_5/MMF/dataset_16/dsm_density/4stream/residual_True/fusion_mcmaf/RMSprop_lr0.001_bs128
True,5,dataset_16,dsm_density,4stream,True,True,True,mcmaf,64,MMF,RMSprop,0.001,100,5,0.570627802690583,0.5336691623985155,0.3373549001326194,0.3670053801877121,0.3410498278549182,0.6280465199577357,0.5586696562032885,0.9333146485424176,0.8964872944693573,0.4504119692585188,0.33048409208969054,0.4895694912569122,0,0,0,0,"[[118, 253, 11, 1, 2], [34, 1293, 61, 8, 5], [2, 407, 49, 13, 2], [0, 138, 81, 22, 6], [1, 57, 50, 17, 45]]",0.5556380727325397,21,val_qwk,65.33661031723022,2676,results/scenario_5/MMF/dataset_16/dsm_density/4stream/residual_True/fusion_mcmaf/RMSprop_lr0.001_bs64/predictions.csv,results/scenario_5/MMF/dataset_16/dsm_density/4stream/residual_True/fusion_mcmaf/RMSprop_lr0.001_bs64
True,5,dataset_16,dsm_density,4stream,True,True,True,mcmaf,256,MMF,Nadam,0.0001,100,5,0.5295216741405082,0.4712243817479019,0.3317259938157748,0.3499675865224464,0.33374635881870757,0.599893698159467,0.6132286995515696,0.9786586714563671,0.8856502242152466,0.43911950784134957,0.3055670820418749,0.44483345807427105,0,0,0,0,"[[154, 201, 19, 9, 2], [184, 1154, 56, 5, 2], [18, 406, 45, 4, 0], [4, 145, 73, 20, 5], [1, 55, 46, 24, 44]]",0.5133267979282553,37,val_qwk,61.43113040924072,2676,results/scenario_5/MMF/dataset_16/dsm_density/4stream/residual_True/fusion_mcmaf/Nadam_lr0.0001_bs256/predictions.csv,results/scenario_5/MMF/dataset_16/dsm_density/4stream/residual_True/fusion_mcmaf/Nadam_lr0.0001_bs256
True,5,dataset_16,dsm_density,4stream,True,True,True,mcmaf,128,MMF,Nadam,0.0001,100,5,0.4704783258594918,0.438974420809836,0.28877268303842074,0.2731267619537036,0.27687903257736357,0.5613655170743059,0.7010463378176383,1.0570427202372557,0.8643497757847534,0.37600953808777815,0.23536848159252233,0.4334596808309305,0,0,0,0,"[[202, 163, 18, 2, 0], [370, 1003, 25, 2, 1], [44, 402, 25, 2, 0], [12, 164, 60, 11, 0], [2, 77, 41, 32, 18]]",0.45357899883845587,24,val_qwk,62.63874387741089,2676,results/scenario_5/MMF/dataset_16/dsm_density/4stream/residual_True/fusion_mcmaf/Nadam_lr0.0001_bs128/predictions.csv,results/scenario_5/MMF/dataset_16/dsm_density/4stream/residual_True/fusion_mcmaf/Nadam_lr0.0001_bs128
True,5,dataset_16,dsm_density,4stream,True,True,True,mcmaf,64,MMF,Nadam,0.0001,100,5,0.5377428998505231,0.458089561209208,0.32072980373358273,0.3307083769086798,0.31977987332512686,0.6058099101402673,0.5997757847533632,0.9632639456548269,0.8882660687593423,0.4428102355414273,0.3116412504307271,0.4725755383013468,0,0,0,0,"[[171, 187, 16, 10, 1], [157, 1185, 52, 6, 1], [16, 412, 40, 4, 1], [3, 146, 83, 13, 2], [1, 51, 47, 41, 30]]",0.5103745916688524,30,val_qwk,100.97002625465393,2676,results/scenario_5/MMF/dataset_16/dsm_density/4stream/residual_True/fusion_mcmaf/Nadam_lr0.0001_bs64/predictions.csv,results/scenario_5/MMF/dataset_16/dsm_density/4stream/residual_True/fusion_mcmaf/Nadam_lr0.0001_bs64
True,5,dataset_16,dsm_density,4stream,True,True,True,mcmaf,256,MMF,Nadam,0.001,100,5,0.5878176382660688,0.5338261526188831,0.4037271498714635,0.4401020403918584,0.414087125291969,0.6617288943902969,0.523168908819133,0.8883904930611509,0.9088191330343797,0.549429439542021,0.4290056706211347,0.5455921593355627,0,0,0,0,"[[185, 166, 25, 6, 3], [48, 1184, 134, 30, 5], [1, 328, 118, 23, 3], [0, 94, 108, 34, 11], [3, 30, 44, 41, 52]]",0.5991108811397876,54,val_qwk,78.71547508239746,2676,results/scenario_5/MMF/dataset_16/dsm_density/4stream/residual_True/fusion_mcmaf/Nadam_lr0.001_bs256/predictions.csv,results/scenario_5/MMF/dataset_16/dsm_density/4stream/residual_True/fusion_mcmaf/Nadam_lr0.001_bs256
True,5,dataset_16,dsm_density,4stream,True,True,True,mcmaf,128,MMF,Nadam,0.001,100,5,0.577354260089686,0.5341215328851812,0.3679921287018519,0.4016996853005342,0.37575441819989813,0.6448641234051181,0.5317638266068759,0.890281358257594,0.9103139013452914,0.5187966023580832,0.39174473887155603,0.5315928614618208,0,0,0,0,"[[181, 182, 17, 2, 3], [44, 1219, 126, 11, 1], [3, 373, 84, 13, 0], [0, 117, 104, 20, 6], [2, 39, 45, 43, 41]]",0.5696193428711878,38,val_qwk,81.71793794631958,2676,results/scenario_5/MMF/dataset_16/dsm_density/4stream/residual_True/fusion_mcmaf/Nadam_lr0.001_bs128/predictions.csv,results/scenario_5/MMF/dataset_16/dsm_density/4stream/residual_True/fusion_mcmaf/Nadam_lr0.001_bs128
True,5,dataset_16,dsm_density,4stream,True,True,True,mcmaf,64,MMF,Nadam,0.001,100,5,0.5747384155455905,0.4901887910985515,0.31637446767428246,0.32869999979282766,0.3145351403055627,0.6319364750869133,0.5631539611360239,0.9452501033311415,0.8878923766816144,0.4219710266219877,0.31722188191098466,0.4898684696315235,0,0,0,0,"[[148, 211, 20, 5, 1], [53, 1314, 28, 6, 0], [4, 421, 41, 6, 1], [1, 152, 71, 18, 5], [3, 55, 52, 43, 17]]",0.49812980002818064,6,val_qwk,48.055015087127686,2676,results/scenario_5/MMF/dataset_16/dsm_density/4stream/residual_True/fusion_mcmaf/Nadam_lr0.001_bs64/predictions.csv,results/scenario_5/MMF/dataset_16/dsm_density/4stream/residual_True/fusion_mcmaf/Nadam_lr0.001_bs64
True,5,dataset_16,dsm_density,4stream,True,True,True,mcmaf,256,MMF,Adamax,0.0001,100,5,0.4730941704035874,0.417368869574296,0.2995568306925114,0.2766184753519819,0.2838177915201261,0.5673149794158288,0.7047832585949177,1.0665452098265158,0.85949177877429,0.3819790160638915,0.24344999571277903,0.44480551824919234,0,0,0,0,"[[229, 135, 16, 4, 1], [392, 991, 15, 2, 1], [50, 407, 16, 0, 0], [15, 175, 49, 8, 0], [2, 74, 36, 36, 22]]",0.4619494155606352,49,val_qwk,69.51702237129211,2676,results/scenario_5/MMF/dataset_16/dsm_density/4stream/residual_True/fusion_mcmaf/Adamax_lr0.0001_bs256/predictions.csv,results/scenario_5/MMF/dataset_16/dsm_density/4stream/residual_True/fusion_mcmaf/Adamax_lr0.0001_bs256
True,5,dataset_16,dsm_density,4stream,True,True,True,mcmaf,128,MMF,Adamax,0.0001,100,5,0.4880418535127055,0.42654885610441573,0.2917143358831241,0.27483826061456496,0.2798690980116711,0.5689685102556996,0.6846038863976084,1.0506599819201123,0.8636023916292974,0.3690718371318783,0.23770214973307935,0.4319724444806052,0,0,0,0,"[[200, 165, 15, 4, 1], [320, 1060, 20, 0, 1], [39, 415, 19, 0, 0], [11, 176, 51, 9, 0], [1, 77, 40, 34, 18]]",0.4426752267442946,38,val_qwk,73.96501803398132,2676,results/scenario_5/MMF/dataset_16/dsm_density/4stream/residual_True/fusion_mcmaf/Adamax_lr0.0001_bs128/predictions.csv,results/scenario_5/MMF/dataset_16/dsm_density/4stream/residual_True/fusion_mcmaf/Adamax_lr0.0001_bs128
True,5,dataset_16,dsm_density,4stream,True,True,True,mcmaf,64,MMF,Adamax,0.0001,100,5,0.48318385650224216,0.417034577883471,0.281655528774693,0.25880138020518634,0.26796427458505223,0.5643307840057147,0.6928251121076233,1.0577495359098432,0.8606128550074739,0.35652245986830944,0.2260524635950273,0.4224385810970902,0,0,0,0,"[[198, 169, 15, 3, 0], [323, 1058, 19, 0, 1], [39, 415, 18, 1, 0], [17, 177, 47, 6, 0], [1, 75, 45, 36, 13]]",0.43557718343727947,28,val_qwk,83.6774890422821,2676,results/scenario_5/MMF/dataset_16/dsm_density/4stream/residual_True/fusion_mcmaf/Adamax_lr0.0001_bs64/predictions.csv,results/scenario_5/MMF/dataset_16/dsm_density/4stream/residual_True/fusion_mcmaf/Adamax_lr0.0001_bs64
True,5,dataset_16,dsm_density,4stream,True,True,True,mcmaf,256,MMF,Adamax,0.001,100,5,0.5855754857997011,0.5160785218070784,0.3705514441948293,0.39524923156576175,0.3749181760537562,0.6505027601632462,0.5362481315396114,0.9069157971273974,0.898729446935725,0.5070113006437279,0.38548519506539525,0.537663762921106,0,0,0,0,"[[197, 155, 23, 8, 2], [86, 1251, 53, 9, 2], [4, 400, 61, 7, 1], [1, 134, 99, 12, 1], [0, 40, 47, 37, 46]]",0.5623357462196528,36,val_qwk,53.24998617172241,2676,results/scenario_5/MMF/dataset_16/dsm_density/4stream/residual_True/fusion_mcmaf/Adamax_lr0.001_bs256/predictions.csv,results/scenario_5/MMF/dataset_16/dsm_density/4stream/residual_True/fusion_mcmaf/Adamax_lr0.001_bs256
True,5,dataset_16,dsm_density,4stream,True,True,True,mcmaf,128,MMF,Adamax,0.001,100,5,0.5866965620328849,0.5709974896992934,0.38965865214115836,0.43087984043248256,0.40026596104132783,0.6568647560409577,0.5287742899850523,0.8961385356279291,0.9043348281016442,0.5167031572875181,0.4034006042661644,0.5154400989523118,0,0,0,0,"[[166, 182, 27, 7, 3], [34, 1203, 145, 18, 1], [2, 336, 122, 11, 2], [0, 108, 99, 35, 5], [2, 35, 51, 38, 44]]",0.5780285932202536,36,val_qwk,70.62758874893188,2676,results/scenario_5/MMF/dataset_16/dsm_density/4stream/residual_True/fusion_mcmaf/Adamax_lr0.001_bs128/predictions.csv,results/scenario_5/MMF/dataset_16/dsm_density/4stream/residual_True/fusion_mcmaf/Adamax_lr0.001_bs128
True,5,dataset_16,dsm_density,4stream,True,True,True,mcmaf,64,MMF,Adamax,0.001,100,5,0.6053811659192825,0.5738265424490809,0.3777268010664366,0.41597258126008685,0.38579866729467904,0.6676199453876145,0.507473841554559,0.8824818921570302,0.9084454409566517,0.5190384328790714,0.4090617273832452,0.5512886190930025,0,0,0,0,"[[163, 194, 22, 3, 3], [22, 1297, 67, 14, 1], [0, 371, 92, 6, 4], [0, 111, 102, 30, 4], [1, 45, 41, 45, 38]]",0.5908941889394292,28,val_qwk,82.83806800842285,2676,results/scenario_5/MMF/dataset_16/dsm_density/4stream/residual_True/fusion_mcmaf/Adamax_lr0.001_bs64/predictions.csv,results/scenario_5/MMF/dataset_16/dsm_density/4stream/residual_True/fusion_mcmaf/Adamax_lr0.001_bs64
True,5,dataset_16,dsm_uncertainty,4stream,True,True,True,mcmaf,256,MMF,Adam,0.0001,100,5,0.5026158445440957,0.4467989272102436,0.3301799722127796,0.34251950287810873,0.3300707568514546,0.5858750883198223,0.6476083707025411,1.0046602918117142,0.8785500747384155,0.44370434610741827,0.29653530393111327,0.417513560534815,0,0,0,0,"[[165, 190, 23, 4, 3], [273, 1072, 47, 8, 1], [42, 386, 39, 4, 2], [10, 149, 70, 17, 1], [2, 52, 29, 35, 52]]",0.5137529621537957,38,val_qwk,56.26249575614929,2676,results/scenario_5/MMF/dataset_16/dsm_uncertainty/4stream/residual_True/fusion_mcmaf/Adam_lr0.0001_bs256/predictions.csv,results/scenario_5/MMF/dataset_16/dsm_uncertainty/4stream/residual_True/fusion_mcmaf/Adam_lr0.0001_bs256
True,5,dataset_16,dsm_uncertainty,4stream,True,True,True,mcmaf,128,MMF,Adam,0.0001,100,5,0.48878923766816146,0.42737926876327775,0.32292561938942393,0.32593538280052475,0.31875063029563755,0.5799481811343086,0.6704035874439462,1.0287351282645891,0.8733183856502242,0.4292603310191754,0.28378190480907695,0.4231263296601881,0,0,0,0,"[[186, 174, 19, 2, 4], [323, 1029, 42, 6, 1], [53, 381, 33, 4, 2], [15, 142, 73, 14, 3], [2, 57, 36, 29, 46]]",0.5091694908172687,24,val_qwk,56.108704566955566,2676,results/scenario_5/MMF/dataset_16/dsm_uncertainty/4stream/residual_True/fusion_mcmaf/Adam_lr0.0001_bs128/predictions.csv,results/scenario_5/MMF/dataset_16/dsm_uncertainty/4stream/residual_True/fusion_mcmaf/Adam_lr0.0001_bs128
True,5,dataset_16,dsm_uncertainty,4stream,True,True,True,mcmaf,64,MMF,Adam,0.0001,100,5,0.5138266068759342,0.4378256607407292,0.3135547125080351,0.3170787504809988,0.3096665745597892,0.5854334108180227,0.6423766816143498,1.008743539088709,0.8736920777279522,0.4122792159838481,0.27521609383025725,0.4234295758047892,0,0,0,0,"[[167, 199, 13, 4, 2], [236, 1134, 27, 3, 1], [39, 407, 25, 1, 1], [7, 172, 59, 9, 0], [2, 60, 34, 34, 40]]",0.4880666559566472,21,val_qwk,69.52125930786133,2676,results/scenario_5/MMF/dataset_16/dsm_uncertainty/4stream/residual_True/fusion_mcmaf/Adam_lr0.0001_bs64/predictions.csv,results/scenario_5/MMF/dataset_16/dsm_uncertainty/4stream/residual_True/fusion_mcmaf/Adam_lr0.0001_bs64
True,5,dataset_16,dsm_uncertainty,4stream,True,True,True,mcmaf,256,MMF,Adam,0.001,100,5,0.5631539611360239,0.5026378165324414,0.38381368092926377,0.4014341456085818,0.3859199436977795,0.6359630058606287,0.5680119581464873,0.9402954088499714,0.8938714499252616,0.5049224567619505,0.37540788313528195,0.5136643793575514,0,0,0,0,"[[213, 147, 16, 6, 3], [175, 1166, 48, 11, 1], [18, 400, 48, 5, 2], [6, 139, 79, 21, 2], [2, 44, 36, 29, 59]]",0.5800108353109048,17,val_qwk,35.58810043334961,2676,results/scenario_5/MMF/dataset_16/dsm_uncertainty/4stream/residual_True/fusion_mcmaf/Adam_lr0.001_bs256/predictions.csv,results/scenario_5/MMF/dataset_16/dsm_uncertainty/4stream/residual_True/fusion_mcmaf/Adam_lr0.001_bs256
True,5,dataset_16,dsm_uncertainty,4stream,True,True,True,mcmaf,128,MMF,Adam,0.001,100,5,0.5874439461883408,0.5348424165995863,0.41446536232830067,0.4513408768781345,0.42544195383212974,0.6626776316077079,0.5108370702541106,0.866456798781945,0.92152466367713,0.5812584296127916,0.4498077233140896,0.5742506241477932,0,0,0,0,"[[188, 183, 7, 5, 2], [33, 1175, 168, 19, 6], [6, 313, 109, 37, 8], [1, 83, 108, 40, 15], [3, 31, 39, 37, 60]]",0.6413960673913017,62,val_qwk,108.06155848503113,2676,results/scenario_5/MMF/dataset_16/dsm_uncertainty/4stream/residual_True/fusion_mcmaf/Adam_lr0.001_bs128/predictions.csv,results/scenario_5/MMF/dataset_16/dsm_uncertainty/4stream/residual_True/fusion_mcmaf/Adam_lr0.001_bs128
True,5,dataset_16,dsm_uncertainty,4stream,True,True,True,mcmaf,64,MMF,Adam,0.001,100,5,0.5788490284005979,0.5466035935989372,0.35909974839341247,0.3925456776789708,0.3651731881227123,0.6397024313204882,0.5440956651718983,0.9149154354969714,0.899103139013453,0.4833542258794522,0.36066035376657235,0.49272132048906947,0,0,0,0,"[[148, 215, 16, 4, 2], [46, 1275, 72, 6, 2], [11, 401, 54, 6, 1], [1, 137, 88, 20, 1], [2, 44, 44, 28, 52]]",0.5589944944815951,12,val_qwk,52.965320348739624,2676,results/scenario_5/MMF/dataset_16/dsm_uncertainty/4stream/residual_True/fusion_mcmaf/Adam_lr0.001_bs64/predictions.csv,results/scenario_5/MMF/dataset_16/dsm_uncertainty/4stream/residual_True/fusion_mcmaf/Adam_lr0.001_bs64
True,5,dataset_16,dsm_uncertainty,4stream,True,True,True,mcmaf,256,MMF,SGD,0.0001,100,5,0.5175635276532138,0.16865205690119187,0.20675732547252887,0.1569015492253873,0.18073514790309464,0.5122792663204677,0.7059043348281017,1.1339640379932177,0.8419282511210763,0.020275196208487167,0.013792950061865095,0.08801654340757478,0,0,0,0,"[[24, 361, 0, 0, 0], [40, 1361, 0, 0, 0], [6, 467, 0, 0, 0], [2, 245, 0, 0, 0], [3, 167, 0, 0, 0]]",0.030530495823172465,1,val_qwk,15.731257200241089,2676,results/scenario_5/MMF/dataset_16/dsm_uncertainty/4stream/residual_True/fusion_mcmaf/SGD_lr0.0001_bs256/predictions.csv,results/scenario_5/MMF/dataset_16/dsm_uncertainty/4stream/residual_True/fusion_mcmaf/SGD_lr0.0001_bs256
True,5,dataset_16,dsm_uncertainty,4stream,True,True,True,mcmaf,128,MMF,SGD,0.0001,100,5,0.5164424514200299,0.1535901609694339,0.20256180650184935,0.1487890862429932,0.1751290784412675,0.502971845438258,0.7066517189835575,1.1342935350328587,0.8426756352765321,0.01049575156617899,0.006096217234158208,0.05365831862230637,0,0,0,0,"[[14, 371, 0, 0, 0], [33, 1368, 0, 0, 0], [4, 469, 0, 0, 0], [3, 244, 0, 0, 0], [3, 167, 0, 0, 0]]",0.021500992768196392,1,val_qwk,19.753472328186035,2676,results/scenario_5/MMF/dataset_16/dsm_uncertainty/4stream/residual_True/fusion_mcmaf/SGD_lr0.0001_bs128/predictions.csv,results/scenario_5/MMF/dataset_16/dsm_uncertainty/4stream/residual_True/fusion_mcmaf/SGD_lr0.0001_bs128
True,5,dataset_16,dsm_uncertainty,4stream,True,True,True,mcmaf,64,MMF,SGD,0.0001,100,5,0.4884155455904335,0.14313302147055296,0.2076776328596457,0.16526566217287866,0.18718348713301708,0.5091551213975958,0.7638266068759342,1.2016431202069968,0.8295964125560538,0.011751105035106457,0.01322947764021265,0.03498022701272955,0,0,0,0,"[[56, 329, 0, 0, 0], [150, 1251, 0, 0, 0], [39, 434, 0, 0, 0], [33, 214, 0, 0, 0], [16, 154, 0, 0, 0]]",0.020497992933314557,1,val_qwk,26.90861463546753,2676,results/scenario_5/MMF/dataset_16/dsm_uncertainty/4stream/residual_True/fusion_mcmaf/SGD_lr0.0001_bs64/predictions.csv,results/scenario_5/MMF/dataset_16/dsm_uncertainty/4stream/residual_True/fusion_mcmaf/SGD_lr0.0001_bs64
True,5,dataset_16,dsm_uncertainty,4stream,True,True,True,mcmaf,256,MMF,SGD,0.001,100,5,0.48243647234678627,0.14451016171456027,0.20916080350769856,0.16771118265876253,0.1893816722126072,0.5073772889298052,0.7694319880418535,1.200554181949616,0.8262331838565022,0.02932197861849717,0.017808522464136778,0.0690165349491008,0,0,0,0,"[[66, 319, 0, 0, 0], [176, 1225, 0, 0, 0], [48, 425, 0, 0, 0], [23, 224, 0, 0, 0], [16, 154, 0, 0, 0]]",0.055488104349647016,2,val_qwk,16.966543436050415,2676,results/scenario_5/MMF/dataset_16/dsm_uncertainty/4stream/residual_True/fusion_mcmaf/SGD_lr0.001_bs256/predictions.csv,results/scenario_5/MMF/dataset_16/dsm_uncertainty/4stream/residual_True/fusion_mcmaf/SGD_lr0.001_bs256
True,5,dataset_16,dsm_uncertainty,4stream,True,True,True,mcmaf,128,MMF,SGD,0.001,100,5,0.4790732436472347,0.1430737848057056,0.2078760069338228,0.16660278171432885,0.18825381781494105,0.5045621380742092,0.772795216741405,1.2016431202069968,0.8258594917787743,0.031544117481775547,0.016522657074715452,0.07238785821195523,0,0,0,0,"[[66, 319, 0, 0, 0], [185, 1216, 0, 0, 0], [49, 424, 0, 0, 0], [22, 225, 0, 0, 0], [16, 154, 0, 0, 0]]",0.055999757597561595,1,val_qwk,20.671975135803223,2676,results/scenario_5/MMF/dataset_16/dsm_uncertainty/4stream/residual_True/fusion_mcmaf/SGD_lr0.001_bs128/predictions.csv,results/scenario_5/MMF/dataset_16/dsm_uncertainty/4stream/residual_True/fusion_mcmaf/SGD_lr0.001_bs128
True,5,dataset_16,dsm_uncertainty,4stream,True,True,True,mcmaf,64,MMF,SGD,0.001,100,5,0.49850523168908817,0.15531650231756555,0.21303892395969481,0.1713556763285024,0.19218239126855313,0.5131195634845316,0.7395366218236173,1.1674138115826116,0.8329596412556054,0.041472346072749855,0.02532841169766975,0.10643615212939456,0,0,0,0,"[[60, 324, 1, 0, 0], [127, 1274, 0, 0, 0], [29, 444, 0, 0, 0], [13, 234, 0, 0, 0], [7, 163, 0, 0, 0]]",0.04482478993771466,40,val_qwk,100.52054071426392,2676,results/scenario_5/MMF/dataset_16/dsm_uncertainty/4stream/residual_True/fusion_mcmaf/SGD_lr0.001_bs64/predictions.csv,results/scenario_5/MMF/dataset_16/dsm_uncertainty/4stream/residual_True/fusion_mcmaf/SGD_lr0.001_bs64
True,5,dataset_16,dsm_uncertainty,4stream,True,True,True,mcmaf,256,MMF,RMSprop,0.0001,100,5,0.46225710014947685,0.4369844718139964,0.3139295624342978,0.31205666368220175,0.3060699544691999,0.5629726129833459,0.7014200298953662,1.0479890345048708,0.8695814648729447,0.4250101549251166,0.26470192980807317,0.43317053386426424,0,0,0,0,"[[198, 172, 9, 4, 2], [421, 954, 23, 2, 1], [56, 387, 27, 2, 1], [18, 163, 53, 13, 0], [2, 58, 33, 32, 45]]",0.4924048681478176,26,val_qwk,43.28632736206055,2676,results/scenario_5/MMF/dataset_16/dsm_uncertainty/4stream/residual_True/fusion_mcmaf/RMSprop_lr0.0001_bs256/predictions.csv,results/scenario_5/MMF/dataset_16/dsm_uncertainty/4stream/residual_True/fusion_mcmaf/RMSprop_lr0.0001_bs256
True,5,dataset_16,dsm_uncertainty,4stream,True,True,True,mcmaf,128,MMF,RMSprop,0.0001,100,5,0.4514200298953662,0.419806210488035,0.3115759742471498,0.30543721581468414,0.30163274886635094,0.5613434176289138,0.7249626307922272,1.075963780431849,0.8606128550074739,0.4050086296287364,0.253094481942417,0.4170867118259066,0,0,0,0,"[[210, 159, 10, 3, 3], [439, 916, 39, 6, 1], [72, 367, 27, 6, 1], [20, 155, 59, 12, 1], [5, 59, 38, 25, 43]]",0.47645814745886605,12,val_qwk,36.62070322036743,2676,results/scenario_5/MMF/dataset_16/dsm_uncertainty/4stream/residual_True/fusion_mcmaf/RMSprop_lr0.0001_bs128/predictions.csv,results/scenario_5/MMF/dataset_16/dsm_uncertainty/4stream/residual_True/fusion_mcmaf/RMSprop_lr0.0001_bs128
True,5,dataset_16,dsm_uncertainty,4stream,True,True,True,mcmaf,64,MMF,RMSprop,0.0001,100,5,0.5056053811659192,0.4450522035880943,0.32830666316209,0.33395746332072446,0.3250355251339584,0.585848572781602,0.6524663677130045,1.0170445767767369,0.8740657698056801,0.4299192992761133,0.2872225652992133,0.42463890442289953,0,0,0,0,"[[177, 188, 13, 5, 2], [287, 1084, 23, 5, 2], [43, 397, 29, 2, 2], [16, 161, 57, 13, 0], [0, 59, 29, 32, 50]]",0.5174747475959808,12,val_qwk,51.4294011592865,2676,results/scenario_5/MMF/dataset_16/dsm_uncertainty/4stream/residual_True/fusion_mcmaf/RMSprop_lr0.0001_bs64/predictions.csv,results/scenario_5/MMF/dataset_16/dsm_uncertainty/4stream/residual_True/fusion_mcmaf/RMSprop_lr0.0001_bs64
True,5,dataset_16,dsm_uncertainty,4stream,True,True,True,mcmaf,256,MMF,RMSprop,0.001,100,5,0.5676382660687593,0.5285992442190526,0.38552330691109815,0.41623636877345077,0.39270377842760407,0.6393507850221332,0.5530642750373692,0.9189908028185984,0.9017189835575485,0.5191425131143819,0.3884984949004485,0.5002965862190522,0,0,0,0,"[[177, 178, 23, 3, 4], [138, 1181, 68, 13, 1], [20, 378, 67, 6, 2], [3, 119, 86, 38, 1], [3, 39, 33, 39, 56]]",0.5838854042165392,16,val_qwk,32.80826997756958,2676,results/scenario_5/MMF/dataset_16/dsm_uncertainty/4stream/residual_True/fusion_mcmaf/RMSprop_lr0.001_bs256/predictions.csv,results/scenario_5/MMF/dataset_16/dsm_uncertainty/4stream/residual_True/fusion_mcmaf/RMSprop_lr0.001_bs256
True,5,dataset_16,dsm_uncertainty,4stream,True,True,True,mcmaf,128,MMF,RMSprop,0.001,100,5,0.5564275037369207,0.49387796614176,0.3777860261875974,0.39042612907643975,0.37772809826858034,0.630024242940274,0.5840807174887892,0.9628759239087087,0.8875186846038864,0.4830849178327542,0.35822631448443143,0.49496566366203393,0,0,0,0,"[[218, 146, 14, 4, 3], [186, 1158, 46, 10, 1], [28, 403, 35, 5, 2], [6, 145, 74, 20, 2], [5, 48, 35, 24, 58]]",0.5625039407000397,7,val_qwk,29.87973141670227,2676,results/scenario_5/MMF/dataset_16/dsm_uncertainty/4stream/residual_True/fusion_mcmaf/RMSprop_lr0.001_bs128/predictions.csv,results/scenario_5/MMF/dataset_16/dsm_uncertainty/4stream/residual_True/fusion_mcmaf/RMSprop_lr0.001_bs128
True,5,dataset_16,dsm_uncertainty,4stream,True,True,True,mcmaf,64,MMF,RMSprop,0.001,100,5,0.5852017937219731,0.5523661598084851,0.35285976881914577,0.3816685791109472,0.35636533904028755,0.6431449103983278,0.5414798206278026,0.920412918319418,0.8976083707025411,0.46656628444747406,0.35019241894171926,0.5096506921281416,0,0,0,0,"[[153, 219, 10, 1, 2], [39, 1311, 47, 2, 2], [7, 422, 38, 5, 1], [1, 150, 82, 14, 0], [3, 51, 44, 22, 50]]",0.5532861599895486,19,val_qwk,61.749682664871216,2676,results/scenario_5/MMF/dataset_16/dsm_uncertainty/4stream/residual_True/fusion_mcmaf/RMSprop_lr0.001_bs64/predictions.csv,results/scenario_5/MMF/dataset_16/dsm_uncertainty/4stream/residual_True/fusion_mcmaf/RMSprop_lr0.001_bs64
True,5,dataset_16,dsm_uncertainty,4stream,True,True,True,mcmaf,256,MMF,Nadam,0.0001,100,5,0.4857997010463378,0.41527006188204707,0.31205345060164,0.3112197010623652,0.3062651318317442,0.5727061263486707,0.6741405082212257,1.0301871192882313,0.8718236173393124,0.4202405015086269,0.27055470132582904,0.4270461341809385,0,0,0,0,"[[182, 182, 15, 3, 3], [333, 1038, 24, 5, 1], [47, 394, 29, 1, 2], [11, 163, 64, 8, 1], [2, 60, 31, 34, 43]]",0.49061890072555003,38,val_qwk,62.35450887680054,2676,results/scenario_5/MMF/dataset_16/dsm_uncertainty/4stream/residual_True/fusion_mcmaf/Nadam_lr0.0001_bs256/predictions.csv,results/scenario_5/MMF/dataset_16/dsm_uncertainty/4stream/residual_True/fusion_mcmaf/Nadam_lr0.0001_bs256
True,5,dataset_16,dsm_uncertainty,4stream,True,True,True,mcmaf,128,MMF,Nadam,0.0001,100,5,0.46001494768310913,0.4217899938150511,0.31184650127690877,0.311511134312797,0.30508995105550996,0.5638411955448954,0.7092675635276532,1.0584558795851629,0.8650971599402093,0.4174572691278162,0.26175211501150886,0.41118409899902575,0,0,0,0,"[[190, 169, 19, 4, 3], [417, 951, 27, 5, 1], [66, 372, 31, 2, 2], [17, 151, 63, 14, 2], [2, 60, 31, 32, 45]]",0.48731700879865913,24,val_qwk,62.069820165634155,2676,results/scenario_5/MMF/dataset_16/dsm_uncertainty/4stream/residual_True/fusion_mcmaf/Nadam_lr0.0001_bs128/predictions.csv,results/scenario_5/MMF/dataset_16/dsm_uncertainty/4stream/residual_True/fusion_mcmaf/Nadam_lr0.0001_bs128
True,5,dataset_16,dsm_uncertainty,4stream,True,True,True,mcmaf,64,MMF,Nadam,0.0001,100,5,0.5594170403587444,0.4948251045765956,0.3335231927752529,0.3549947329598129,0.3356976713574397,0.6205951179837348,0.5754857997010463,0.9482104929884783,0.8901345291479821,0.44608113381690684,0.32411230943383096,0.4633163763325331,0,0,0,0,"[[148, 211, 20, 3, 3], [91, 1250, 51, 8, 1], [14, 412, 43, 2, 2], [2, 148, 81, 16, 0], [2, 51, 40, 37, 40]]",0.5202126918443777,37,val_qwk,114.97449851036072,2676,results/scenario_5/MMF/dataset_16/dsm_uncertainty/4stream/residual_True/fusion_mcmaf/Nadam_lr0.0001_bs64/predictions.csv,results/scenario_5/MMF/dataset_16/dsm_uncertainty/4stream/residual_True/fusion_mcmaf/Nadam_lr0.0001_bs64
True,5,dataset_16,dsm_uncertainty,4stream,True,True,True,mcmaf,256,MMF,Nadam,0.001,100,5,0.6023916292974589,0.5514878600078512,0.4066594476575755,0.4441260702159041,0.41618870840166566,0.6682617232198029,0.5104633781763827,0.8845966373225324,0.9073243647234679,0.5505408386608686,0.43056326228464736,0.5272062955923981,0,0,0,0,"[[160, 191, 27, 4, 3], [24, 1260, 93, 19, 5], [4, 355, 94, 16, 4], [0, 114, 86, 31, 16], [5, 29, 34, 35, 67]]",0.6128281159204676,42,val_qwk,67.53599715232849,2676,results/scenario_5/MMF/dataset_16/dsm_uncertainty/4stream/residual_True/fusion_mcmaf/Nadam_lr0.001_bs256/predictions.csv,results/scenario_5/MMF/dataset_16/dsm_uncertainty/4stream/residual_True/fusion_mcmaf/Nadam_lr0.001_bs256
True,5,dataset_16,dsm_uncertainty,4stream,True,True,True,mcmaf,128,MMF,Nadam,0.001,100,5,0.5852017937219731,0.5310316534330549,0.3899809534423373,0.4259248439317149,0.3990857377614972,0.6534114027645743,0.5414798206278026,0.9236552459943671,0.8998505231689088,0.5088925438067631,0.39743797340258724,0.4915622615049516,0,0,0,0,"[[139, 206, 23, 12, 5], [30, 1235, 106, 21, 9], [7, 348, 94, 18, 6], [2, 106, 92, 37, 10], [2, 34, 41, 32, 61]]",0.5921216211528212,27,val_qwk,66.34952998161316,2676,results/scenario_5/MMF/dataset_16/dsm_uncertainty/4stream/residual_True/fusion_mcmaf/Nadam_lr0.001_bs128/predictions.csv,results/scenario_5/MMF/dataset_16/dsm_uncertainty/4stream/residual_True/fusion_mcmaf/Nadam_lr0.001_bs128
True,5,dataset_16,dsm_uncertainty,4stream,True,True,True,mcmaf,64,MMF,Nadam,0.001,100,5,0.5971599402092675,0.5703278781286409,0.38190940587559363,0.42233915948255196,0.39106432802374147,0.66058263139319,0.5100896860986547,0.8750400375208977,0.9118086696562033,0.5351411128078402,0.41192058865577974,0.5412812132197432,0,0,0,0,"[[159, 199, 20, 6, 1], [22, 1281, 84, 12, 2], [2, 377, 79, 13, 2], [1, 109, 105, 27, 5], [3, 34, 44, 37, 52]]",0.6050318162199745,30,val_qwk,100.03416514396667,2676,results/scenario_5/MMF/dataset_16/dsm_uncertainty/4stream/residual_True/fusion_mcmaf/Nadam_lr0.001_bs64/predictions.csv,results/scenario_5/MMF/dataset_16/dsm_uncertainty/4stream/residual_True/fusion_mcmaf/Nadam_lr0.001_bs64
True,5,dataset_16,dsm_uncertainty,4stream,True,True,True,mcmaf,256,MMF,Adamax,0.0001,100,5,0.4469357249626308,0.4190652563726377,0.30694420923746646,0.2922040243574274,0.2926491448242851,0.554591469569724,0.7339312406576981,1.081851924915765,0.8550074738415545,0.3986972445154614,0.23995808511567518,0.43560516860235016,0,0,0,0,"[[223, 150, 8, 2, 2], [476, 908, 13, 3, 1], [67, 388, 16, 2, 0], [19, 182, 38, 8, 0], [2, 66, 36, 25, 41]]",0.47024010055029475,77,val_qwk,97.87011814117432,2676,results/scenario_5/MMF/dataset_16/dsm_uncertainty/4stream/residual_True/fusion_mcmaf/Adamax_lr0.0001_bs256/predictions.csv,results/scenario_5/MMF/dataset_16/dsm_uncertainty/4stream/residual_True/fusion_mcmaf/Adamax_lr0.0001_bs256
True,5,dataset_16,dsm_uncertainty,4stream,True,True,True,mcmaf,128,MMF,Adamax,0.0001,100,5,0.45403587443946186,0.40699137180529005,0.2949635214482737,0.28689818717507776,0.285180925698629,0.5532326789158233,0.7122571001494769,1.0542107185771399,0.8654708520179372,0.40918153359334486,0.24547614630773484,0.42756529950544087,0,0,0,0,"[[192, 178, 11, 2, 2], [422, 958, 18, 2, 1], [59, 391, 20, 3, 0], [13, 170, 55, 8, 1], [2, 61, 37, 33, 37]]",0.4769657536173243,44,val_qwk,83.9731092453003,2676,results/scenario_5/MMF/dataset_16/dsm_uncertainty/4stream/residual_True/fusion_mcmaf/Adamax_lr0.0001_bs128/predictions.csv,results/scenario_5/MMF/dataset_16/dsm_uncertainty/4stream/residual_True/fusion_mcmaf/Adamax_lr0.0001_bs128
True,5,dataset_16,dsm_uncertainty,4stream,True,True,True,mcmaf,64,MMF,Adamax,0.0001,100,5,0.4786995515695067,0.4157008245175208,0.29768938107953025,0.28776068157396406,0.28786072102982574,0.5662026361378732,0.6902092675635276,1.048345554003024,0.8650971599402093,0.39340016777980336,0.2486048654121552,0.4238232935019965,0,0,0,0,"[[192, 181, 9, 1, 2], [351, 1029, 18, 2, 1], [53, 395, 23, 2, 0], [17, 171, 53, 6, 0], [2, 64, 39, 34, 31]]",0.46583771546526187,37,val_qwk,101.24785900115967,2676,results/scenario_5/MMF/dataset_16/dsm_uncertainty/4stream/residual_True/fusion_mcmaf/Adamax_lr0.0001_bs64/predictions.csv,results/scenario_5/MMF/dataset_16/dsm_uncertainty/4stream/residual_True/fusion_mcmaf/Adamax_lr0.0001_bs64
True,5,dataset_16,dsm_uncertainty,4stream,True,True,True,mcmaf,256,MMF,Adamax,0.001,100,5,0.4697309417040359,0.4420461373236355,0.32807914844050534,0.33810919125873345,0.3267850088826843,0.5790540805278439,0.672272047832586,1.0076315671845766,0.8856502242152466,0.4651041248244281,0.3049589483003262,0.4518820676718483,0,0,0,0,"[[187, 170, 23, 1, 4], [367, 933, 91, 9, 1], [52, 338, 72, 10, 1], [10, 113, 95, 25, 4], [1, 52, 39, 38, 40]]",0.5187060939175582,7,val_qwk,24.156487941741943,2676,results/scenario_5/MMF/dataset_16/dsm_uncertainty/4stream/residual_True/fusion_mcmaf/Adamax_lr0.001_bs256/predictions.csv,results/scenario_5/MMF/dataset_16/dsm_uncertainty/4stream/residual_True/fusion_mcmaf/Adamax_lr0.001_bs256
True,5,dataset_16,dsm_uncertainty,4stream,True,True,True,mcmaf,128,MMF,Adamax,0.001,100,5,0.577354260089686,0.5403929876555191,0.3781208998730143,0.4133554655766599,0.38650855993358585,0.6449817646970935,0.5392376681614349,0.9023718952678036,0.9024663677130045,0.5172771769203183,0.38954315032175924,0.5164169348858647,0,0,0,0,"[[166, 197, 17, 3, 2], [76, 1217, 90, 16, 2], [11, 366, 82, 14, 0], [2, 124, 89, 29, 3], [3, 34, 47, 35, 51]]",0.5778531023569502,33,val_qwk,66.31113862991333,2676,results/scenario_5/MMF/dataset_16/dsm_uncertainty/4stream/residual_True/fusion_mcmaf/Adamax_lr0.001_bs128/predictions.csv,results/scenario_5/MMF/dataset_16/dsm_uncertainty/4stream/residual_True/fusion_mcmaf/Adamax_lr0.001_bs128
True,5,dataset_16,dsm_uncertainty,4stream,True,True,True,mcmaf,64,MMF,Adamax,0.001,100,5,0.4727204783258595,0.4256785930394799,0.31668044760380865,0.32154615723439584,0.3131549792620224,0.5709398030623009,0.6804932735426009,1.0227238755209238,0.874439461883408,0.440424332128734,0.2805663584698801,0.42430632554628334,0,0,0,0,"[[184, 177, 18, 4, 2], [348, 983, 63, 5, 2], [55, 373, 39, 5, 1], [11, 149, 71, 14, 2], [3, 47, 39, 36, 45]]",0.509190863861175,6,val_qwk,39.41001558303833,2676,results/scenario_5/MMF/dataset_16/dsm_uncertainty/4stream/residual_True/fusion_mcmaf/Adamax_lr0.001_bs64/predictions.csv,results/scenario_5/MMF/dataset_16/dsm_uncertainty/4stream/residual_True/fusion_mcmaf/Adamax_lr0.001_bs64
True,5,dataset_16,dsm_only,4stream,True,True,True,mcmaf,256,MMF,Adam,0.0001,100,5,0.5526905829596412,0.5076949121196328,0.3374763632375659,0.36772934890754316,0.34315822362928605,0.6184745085121249,0.5639013452914798,0.9130755858148115,0.9009715994020927,0.48254802296906707,0.3434581961637164,0.46678979385429054,0,0,0,0,"[[91, 257, 32, 3, 2], [65, 1219, 105, 10, 2], [3, 362, 97, 8, 3], [1, 114, 99, 26, 7], [0, 37, 58, 29, 46]]",0.5622638592930774,100,val_qwk,107.4039716720581,2676,results/scenario_5/MMF/dataset_16/dsm_only/4stream/residual_True/fusion_mcmaf/Adam_lr0.0001_bs256/predictions.csv,results/scenario_5/MMF/dataset_16/dsm_only/4stream/residual_True/fusion_mcmaf/Adam_lr0.0001_bs256
True,5,dataset_16,dsm_only,4stream,True,True,True,mcmaf,128,MMF,Adam,0.0001,100,5,0.5661434977578476,0.5607022890029179,0.37351786029553147,0.4110656942102403,0.38229967383233204,0.6371494133232063,0.5433482810164425,0.8955128133110019,0.9088191330343797,0.5179548856427395,0.38582659267570274,0.4901177092610297,0,0,0,0,"[[86, 260, 26, 9, 4], [25, 1199, 153, 20, 4], [0, 324, 125, 20, 4], [1, 94, 95, 51, 6], [0, 27, 55, 34, 54]]",0.5746353156433897,50,val_qwk,90.23087692260742,2676,results/scenario_5/MMF/dataset_16/dsm_only/4stream/residual_True/fusion_mcmaf/Adam_lr0.0001_bs128/predictions.csv,results/scenario_5/MMF/dataset_16/dsm_only/4stream/residual_True/fusion_mcmaf/Adam_lr0.0001_bs128
True,5,dataset_16,dsm_only,4stream,True,True,True,mcmaf,64,MMF,Adam,0.0001,100,5,0.5639013452914798,0.5641916389966023,0.3578509570618958,0.3910835439186074,0.36421107943327913,0.6289971960896097,0.5568011958146487,0.9161399492310007,0.898729446935725,0.4865038323210865,0.3563615161253455,0.4538286123354731,0,0,0,0,"[[66, 277, 29, 10, 3], [15, 1240, 116, 25, 5], [0, 354, 102, 14, 3], [0, 110, 88, 42, 7], [0, 31, 55, 25, 59]]",0.5579874846459625,27,val_qwk,82.92736983299255,2676,results/scenario_5/MMF/dataset_16/dsm_only/4stream/residual_True/fusion_mcmaf/Adam_lr0.0001_bs64/predictions.csv,results/scenario_5/MMF/dataset_16/dsm_only/4stream/residual_True/fusion_mcmaf/Adam_lr0.0001_bs64
True,5,dataset_16,dsm_only,4stream,True,True,True,mcmaf,256,MMF,Adam,0.001,100,5,0.5724962630792227,0.4878382781246991,0.3891003880537261,0.4122147736082546,0.3940621431602526,0.6418332309815373,0.5530642750373692,0.9299050854052157,0.9009715994020927,0.5284593706480301,0.3984978849739289,0.48240885002540984,0,0,0,0,"[[126, 218, 25, 8, 8], [51, 1224, 91, 25, 10], [4, 370, 69, 22, 8], [1, 110, 71, 36, 29], [2, 32, 32, 27, 77]]",0.5484500917837289,14,val_qwk,31.64541482925415,2676,results/scenario_5/MMF/dataset_16/dsm_only/4stream/residual_True/fusion_mcmaf/Adam_lr0.001_bs256/predictions.csv,results/scenario_5/MMF/dataset_16/dsm_only/4stream/residual_True/fusion_mcmaf/Adam_lr0.001_bs256
True,5,dataset_16,dsm_only,4stream,True,True,True,mcmaf,128,MMF,Adam,0.001,100,5,0.554932735426009,0.5337915879847193,0.39471471646393247,0.42833414786934065,0.40382487083092844,0.6394021027654953,0.5582959641255605,0.9116420245178288,0.9069506726457399,0.5354131850508472,0.40386049722727135,0.5103423641173581,0,0,0,0,"[[114, 240, 24, 3, 4], [17, 1109, 214, 50, 11], [0, 276, 152, 39, 6], [1, 78, 108, 45, 15], [4, 23, 45, 33, 65]]",0.6045851157889096,43,val_qwk,80.80228543281555,2676,results/scenario_5/MMF/dataset_16/dsm_only/4stream/residual_True/fusion_mcmaf/Adam_lr0.001_bs128/predictions.csv,results/scenario_5/MMF/dataset_16/dsm_only/4stream/residual_True/fusion_mcmaf/Adam_lr0.001_bs128
True,5,dataset_16,dsm_only,4stream,True,True,True,mcmaf,64,MMF,Adam,0.001,100,5,0.5631539611360239,0.5121012133725682,0.37401565448793683,0.40253438149004006,0.38059742978895794,0.6356401969349568,0.5575485799701047,0.9222381302618208,0.9032137518684604,0.5220540597550134,0.39025425010102377,0.4861381945728186,0,0,0,0,"[[96, 252, 24, 10, 3], [19, 1203, 125, 43, 11], [0, 328, 103, 33, 9], [1, 94, 92, 40, 20], [2, 32, 30, 41, 65]]",0.5933239442399321,39,val_qwk,107.40129280090332,2676,results/scenario_5/MMF/dataset_16/dsm_only/4stream/residual_True/fusion_mcmaf/Adam_lr0.001_bs64/predictions.csv,results/scenario_5/MMF/dataset_16/dsm_only/4stream/residual_True/fusion_mcmaf/Adam_lr0.001_bs64
True,5,dataset_16,dsm_only,4stream,True,True,True,mcmaf,256,MMF,SGD,0.0001,100,5,0.5011210762331838,0.15737108190091,0.21290803415000417,0.17098808907301918,0.19168508009177568,0.5129267199583126,0.7335575485799701,1.1616376770213832,0.835949177877429,0.04127759330319558,0.02587184946802068,0.1130699318055928,0,0,0,0,"[[57, 328, 0, 0, 0], [117, 1284, 0, 0, 0], [22, 451, 0, 0, 0], [12, 235, 0, 0, 0], [7, 163, 0, 0, 0]]",0.039475389552886764,1,val_qwk,16.061424255371094,2676,results/scenario_5/MMF/dataset_16/dsm_only/4stream/residual_True/fusion_mcmaf/SGD_lr0.0001_bs256/predictions.csv,results/scenario_5/MMF/dataset_16/dsm_only/4stream/residual_True/fusion_mcmaf/SGD_lr0.0001_bs256
True,5,dataset_16,dsm_only,4stream,True,True,True,mcmaf,128,MMF,SGD,0.0001,100,5,0.5130792227204783,0.1626441877752161,0.2073046154416604,0.15976882523286612,0.1825004460427467,0.5093787542107144,0.7118834080717489,1.1388964842309954,0.8419282511210763,0.02583810220209104,0.015688265949415192,0.09586572978397173,0,0,0,0,"[[30, 355, 0, 0, 0], [58, 1343, 0, 0, 0], [6, 467, 0, 0, 0], [7, 240, 0, 0, 0], [2, 168, 0, 0, 0]]",0.031871142963460386,1,val_qwk,19.546385288238525,2676,results/scenario_5/MMF/dataset_16/dsm_only/4stream/residual_True/fusion_mcmaf/SGD_lr0.0001_bs128/predictions.csv,results/scenario_5/MMF/dataset_16/dsm_only/4stream/residual_True/fusion_mcmaf/SGD_lr0.0001_bs128
True,5,dataset_16,dsm_only,4stream,True,True,True,mcmaf,64,MMF,SGD,0.0001,100,5,0.5067264573991032,0.16222342943735582,0.22258386866523913,0.1811572587056766,0.20219261475350708,0.5320876632264718,0.7417787742899851,1.1861495152997112,0.8292227204783259,0.02940697060112163,0.0360779824754649,0.08350293789104661,0,0,0,0,"[[77, 308, 0, 0, 0], [122, 1279, 0, 0, 0], [40, 433, 0, 0, 0], [21, 226, 0, 0, 0], [17, 153, 0, 0, 0]]",0.0200927725315182,5,val_qwk,36.11643648147583,2676,results/scenario_5/MMF/dataset_16/dsm_only/4stream/residual_True/fusion_mcmaf/SGD_lr0.0001_bs64/predictions.csv,results/scenario_5/MMF/dataset_16/dsm_only/4stream/residual_True/fusion_mcmaf/SGD_lr0.0001_bs64
True,5,dataset_16,dsm_only,4stream,True,True,True,mcmaf,256,MMF,SGD,0.001,100,5,0.47832585949177875,0.14887431009304644,0.21587845416539206,0.17455573502850216,0.1966382888576577,0.5137467679901029,0.7787742899850523,1.2090837059822404,0.8228699551569507,0.04558016187510794,0.02865483427098381,0.09764663501951701,0,0,0,0,"[[88, 297, 0, 0, 0], [209, 1192, 0, 0, 0], [57, 416, 0, 0, 0], [32, 215, 0, 0, 0], [12, 158, 0, 0, 0]]",0.05562197432195892,2,val_qwk,16.900832891464233,2676,results/scenario_5/MMF/dataset_16/dsm_only/4stream/residual_True/fusion_mcmaf/SGD_lr0.001_bs256/predictions.csv,results/scenario_5/MMF/dataset_16/dsm_only/4stream/residual_True/fusion_mcmaf/SGD_lr0.001_bs256
True,5,dataset_16,dsm_only,4stream,True,True,True,mcmaf,128,MMF,SGD,0.001,100,5,0.4786995515695067,0.1482002617801047,0.21451430796184545,0.1733437984279118,0.1952547883398947,0.5119525910153419,0.7765321375186846,1.2050590915182633,0.8232436472346786,0.04600558364011054,0.02692884351284497,0.09794689881157138,0,0,0,0,"[[84, 301, 0, 0, 0], [204, 1197, 0, 0, 0], [56, 417, 0, 0, 0], [29, 218, 0, 0, 0], [11, 159, 0, 0, 0]]",0.05510321548604524,1,val_qwk,20.593441247940063,2676,results/scenario_5/MMF/dataset_16/dsm_only/4stream/residual_True/fusion_mcmaf/SGD_lr0.001_bs128/predictions.csv,results/scenario_5/MMF/dataset_16/dsm_only/4stream/residual_True/fusion_mcmaf/SGD_lr0.001_bs128
True,5,dataset_16,dsm_only,4stream,True,True,True,mcmaf,64,MMF,SGD,0.001,100,5,0.5134529147982063,0.2823865510707616,0.2351222600669986,0.20379562566498138,0.21804714858860835,0.5436088309322384,0.6943198804185351,1.103737366130695,0.8460388639760837,0.1540566832524214,0.09863871460141305,0.28918981123063575,0,0,0,0,"[[95, 284, 4, 1, 1], [123, 1273, 5, 0, 0], [9, 460, 4, 0, 0], [7, 225, 13, 0, 2], [0, 134, 31, 3, 2]]",0.18908091316753384,100,val_qwk,197.91230750083923,2676,results/scenario_5/MMF/dataset_16/dsm_only/4stream/residual_True/fusion_mcmaf/SGD_lr0.001_bs64/predictions.csv,results/scenario_5/MMF/dataset_16/dsm_only/4stream/residual_True/fusion_mcmaf/SGD_lr0.001_bs64
True,5,dataset_16,dsm_only,4stream,True,True,True,mcmaf,256,MMF,RMSprop,0.0001,100,5,0.5448430493273543,0.4799483986965146,0.3061640069513384,0.3265071707418756,0.30676873448305975,0.6006541439492922,0.5814648729446936,0.9395002328863059,0.8972346786248132,0.43310128980041673,0.2979056834173549,0.4319693546176947,0,0,0,0,"[[65, 291, 19, 8, 2], [62, 1271, 60, 7, 1], [3, 402, 61, 6, 1], [1, 135, 88, 18, 5], [0, 49, 49, 29, 43]]",0.5101930381247716,38,val_qwk,54.67247533798218,2676,results/scenario_5/MMF/dataset_16/dsm_only/4stream/residual_True/fusion_mcmaf/RMSprop_lr0.0001_bs256/predictions.csv,results/scenario_5/MMF/dataset_16/dsm_only/4stream/residual_True/fusion_mcmaf/RMSprop_lr0.0001_bs256
True,5,dataset_16,dsm_only,4stream,True,True,True,mcmaf,128,MMF,RMSprop,0.0001,100,5,0.5351270553064275,0.458608584102809,0.32185967501865675,0.34230188722757704,0.32419646832376164,0.5972752477795015,0.5919282511210763,0.9482104929884783,0.898355754857997,0.4572716403295993,0.31163651776535994,0.4523896355521987,0,0,0,0,"[[108, 252, 18, 4, 3], [134, 1208, 53, 3, 3], [5, 413, 49, 4, 2], [2, 138, 82, 17, 8], [0, 53, 41, 26, 50]]",0.5385166012469236,21,val_qwk,49.32265543937683,2676,results/scenario_5/MMF/dataset_16/dsm_only/4stream/residual_True/fusion_mcmaf/RMSprop_lr0.0001_bs128/predictions.csv,results/scenario_5/MMF/dataset_16/dsm_only/4stream/residual_True/fusion_mcmaf/RMSprop_lr0.0001_bs128
True,5,dataset_16,dsm_only,4stream,True,True,True,mcmaf,64,MMF,RMSprop,0.0001,100,5,0.5564275037369207,0.5629047466899324,0.3511221139446209,0.37895612357823016,0.35593655511012784,0.6241446101335923,0.5571748878923767,0.9081510973101284,0.9050822122571002,0.49407427890620104,0.3586338065933189,0.46355964225815444,0,0,0,0,"[[50, 296, 30, 5, 4], [8, 1223, 137, 29, 4], [0, 333, 116, 20, 4], [1, 92, 102, 44, 8], [0, 32, 53, 29, 56]]",0.5582097276199904,49,val_qwk,120.85837054252625,2676,results/scenario_5/MMF/dataset_16/dsm_only/4stream/residual_True/fusion_mcmaf/RMSprop_lr0.0001_bs64/predictions.csv,results/scenario_5/MMF/dataset_16/dsm_only/4stream/residual_True/fusion_mcmaf/RMSprop_lr0.0001_bs64
True,5,dataset_16,dsm_only,4stream,True,True,True,mcmaf,256,MMF,RMSprop,0.001,100,5,0.5590433482810164,0.5400843476455496,0.3475242515651491,0.3841774943383562,0.35531354030315637,0.6263647433889056,0.5575485799701047,0.9116420245178288,0.9024663677130045,0.49191596952020344,0.3587423448368906,0.46451922998387524,0,0,0,0,"[[115, 228, 32, 7, 3], [13, 1225, 137, 24, 2], [1, 368, 83, 17, 4], [0, 112, 108, 22, 5], [0, 36, 40, 43, 51]]",0.5775454163187148,43,val_qwk,58.34888029098511,2676,results/scenario_5/MMF/dataset_16/dsm_only/4stream/residual_True/fusion_mcmaf/RMSprop_lr0.001_bs256/predictions.csv,results/scenario_5/MMF/dataset_16/dsm_only/4stream/residual_True/fusion_mcmaf/RMSprop_lr0.001_bs256
True,5,dataset_16,dsm_only,4stream,True,True,True,mcmaf,128,MMF,RMSprop,0.001,100,5,0.5485799701046338,0.5284617618612876,0.33788980164654353,0.3639774833711035,0.3417717022213248,0.6126650546146813,0.570254110612855,0.9246661418271757,0.9032137518684604,0.47696477520384295,0.33822166690165156,0.431930990422562,0,0,0,0,"[[59, 285, 28, 9, 4], [13, 1237, 127, 19, 5], [1, 367, 82, 21, 2], [0, 112, 98, 27, 10], [0, 37, 42, 28, 63]]",0.5483984266729296,11,val_qwk,34.746588706970215,2676,results/scenario_5/MMF/dataset_16/dsm_only/4stream/residual_True/fusion_mcmaf/RMSprop_lr0.001_bs128/predictions.csv,results/scenario_5/MMF/dataset_16/dsm_only/4stream/residual_True/fusion_mcmaf/RMSprop_lr0.001_bs128
True,5,dataset_16,dsm_only,4stream,True,True,True,mcmaf,64,MMF,RMSprop,0.001,100,5,0.546337817638266,0.46949459082375744,0.3499330283578012,0.37610545657666467,0.3555549428020462,0.6150510864399006,0.60949177877429,0.9949423671255262,0.8766816143497758,0.4204143744793828,0.311522112089608,0.42422830082066654,0,0,0,0,"[[162, 198, 17, 5, 3], [81, 1169, 111, 33, 7], [8, 383, 65, 14, 3], [4, 157, 63, 17, 6], [2, 61, 30, 28, 49]]",0.4761859678153364,6,val_qwk,39.36274456977844,2676,results/scenario_5/MMF/dataset_16/dsm_only/4stream/residual_True/fusion_mcmaf/RMSprop_lr0.001_bs64/predictions.csv,results/scenario_5/MMF/dataset_16/dsm_only/4stream/residual_True/fusion_mcmaf/RMSprop_lr0.001_bs64
True,5,dataset_16,dsm_only,4stream,True,True,True,mcmaf,256,MMF,Nadam,0.0001,100,5,0.5508221225710015,0.5041969438675482,0.33707282035172337,0.36723034412560474,0.3426713893241572,0.6151969341585962,0.5680119581464873,0.9218328399191272,0.9020926756352765,0.4761613553018955,0.33826213768504987,0.464460875955438,0,0,0,0,"[[94, 257, 25, 6, 3], [78, 1222, 91, 6, 4], [3, 379, 83, 6, 2], [1, 118, 97, 26, 5], [0, 39, 55, 27, 49]]",0.5535956786611131,52,val_qwk,76.93286776542664,2676,results/scenario_5/MMF/dataset_16/dsm_only/4stream/residual_True/fusion_mcmaf/Nadam_lr0.0001_bs256/predictions.csv,results/scenario_5/MMF/dataset_16/dsm_only/4stream/residual_True/fusion_mcmaf/Nadam_lr0.0001_bs256
True,5,dataset_16,dsm_only,4stream,True,True,True,mcmaf,128,MMF,Nadam,0.0001,100,5,0.5657698056801196,0.5425330079564273,0.3654099599559712,0.40319125014868423,0.37422468500459255,0.6347917208237617,0.5519431988041853,0.9118469569750691,0.9024663677130045,0.5003288006179236,0.37273778168819605,0.4830545270003371,0,0,0,0,"[[112, 236, 28, 4, 5], [24, 1212, 139, 21, 5], [2, 348, 101, 19, 3], [1, 103, 98, 36, 9], [0, 34, 55, 28, 53]]",0.5789496609253548,73,val_qwk,136.56775546073914,2676,results/scenario_5/MMF/dataset_16/dsm_only/4stream/residual_True/fusion_mcmaf/Nadam_lr0.0001_bs128/predictions.csv,results/scenario_5/MMF/dataset_16/dsm_only/4stream/residual_True/fusion_mcmaf/Nadam_lr0.0001_bs128
True,5,dataset_16,dsm_only,4stream,True,True,True,mcmaf,64,MMF,Nadam,0.0001,100,5,0.5571748878923767,0.5391610449980428,0.3669759505952429,0.4035075530725491,0.3756409171022308,0.6297095122848793,0.5553064275037369,0.9058850935359203,0.905829596412556,0.5067137011884209,0.3725505789239495,0.4823300557211778,0,0,0,0,"[[94, 256, 27, 3, 5], [38, 1175, 165, 19, 4], [0, 321, 128, 20, 4], [1, 104, 97, 39, 6], [0, 31, 54, 30, 55]]",0.5739131621844371,33,val_qwk,109.59118700027466,2676,results/scenario_5/MMF/dataset_16/dsm_only/4stream/residual_True/fusion_mcmaf/Nadam_lr0.0001_bs64/predictions.csv,results/scenario_5/MMF/dataset_16/dsm_only/4stream/residual_True/fusion_mcmaf/Nadam_lr0.0001_bs64
True,5,dataset_16,dsm_only,4stream,True,True,True,mcmaf,256,MMF,Nadam,0.001,100,5,0.5866965620328849,0.5121712922338111,0.391613710116415,0.42207213181485354,0.39893182306110286,0.6536399920316815,0.5332585949177877,0.9085624908067944,0.9028400597907325,0.5300847380827234,0.4067269222307982,0.5075825637563335,0,0,0,0,"[[170, 183, 20, 8, 4], [59, 1243, 81, 13, 5], [10, 381, 63, 16, 3], [3, 124, 76, 31, 13], [5, 27, 38, 37, 63]]",0.5909108411290352,14,val_qwk,36.29844951629639,2676,results/scenario_5/MMF/dataset_16/dsm_only/4stream/residual_True/fusion_mcmaf/Nadam_lr0.001_bs256/predictions.csv,results/scenario_5/MMF/dataset_16/dsm_only/4stream/residual_True/fusion_mcmaf/Nadam_lr0.001_bs256
True,5,dataset_16,dsm_only,4stream,True,True,True,mcmaf,128,MMF,Nadam,0.001,100,5,0.577354260089686,0.5642832895549559,0.3722799265587443,0.41150104047732305,0.3811847626096192,0.6441095616347832,0.5250373692077728,0.8746128761395627,0.9133034379671151,0.5375642143886832,0.39998180689454865,0.5289442704482844,0,0,0,0,"[[107, 255, 18, 1, 4], [19, 1238, 121, 21, 2], [0, 339, 108, 24, 2], [0, 100, 99, 38, 10], [1, 29, 54, 32, 54]]",0.6034267468936819,27,val_qwk,66.33445763587952,2676,results/scenario_5/MMF/dataset_16/dsm_only/4stream/residual_True/fusion_mcmaf/Nadam_lr0.001_bs128/predictions.csv,results/scenario_5/MMF/dataset_16/dsm_only/4stream/residual_True/fusion_mcmaf/Nadam_lr0.001_bs128
True,5,dataset_16,dsm_only,4stream,True,True,True,mcmaf,64,MMF,Nadam,0.001,100,5,0.5093423019431988,0.49820039498870006,0.3904952271431806,0.40287289316437214,0.39196701644186915,0.6190818600812562,0.6401345291479821,0.9964436012756411,0.875560538116592,0.4943224345127706,0.3629200131752489,0.4710167232017473,0,0,0,0,"[[85, 246, 42, 8, 4], [11, 973, 294, 92, 31], [0, 218, 178, 54, 23], [0, 69, 110, 47, 21], [1, 18, 45, 26, 80]]",0.5560170670500763,48,val_qwk,143.86856818199158,2676,results/scenario_5/MMF/dataset_16/dsm_only/4stream/residual_True/fusion_mcmaf/Nadam_lr0.001_bs64/predictions.csv,results/scenario_5/MMF/dataset_16/dsm_only/4stream/residual_True/fusion_mcmaf/Nadam_lr0.001_bs64
True,5,dataset_16,dsm_only,4stream,True,True,True,mcmaf,256,MMF,Adamax,0.0001,100,5,0.5,0.4075460519942693,0.267417260199597,0.2611457583978695,0.2604203880506103,0.5612563363208295,0.6599402092675636,1.0221756450470507,0.8721973094170403,0.3474932971101702,0.2177163844972697,0.4017975698419865,0,0,0,0,"[[128, 235, 19, 2, 1], [210, 1162, 26, 3, 0], [16, 430, 26, 1, 0], [6, 169, 65, 5, 2], [0, 76, 50, 27, 17]]",0.4403029224468792,55,val_qwk,74.62757635116577,2676,results/scenario_5/MMF/dataset_16/dsm_only/4stream/residual_True/fusion_mcmaf/Adamax_lr0.0001_bs256/predictions.csv,results/scenario_5/MMF/dataset_16/dsm_only/4stream/residual_True/fusion_mcmaf/Adamax_lr0.0001_bs256
True,5,dataset_16,dsm_only,4stream,True,True,True,mcmaf,128,MMF,Adamax,0.0001,100,5,0.5332585949177877,0.47018065172231155,0.28483226320705274,0.29871023332609264,0.2829943650596426,0.5867382833486933,0.5971599402092675,0.9533200580258341,0.8946188340807175,0.4034114284834258,0.26975018229571346,0.41394433682407605,0,0,0,0,"[[69, 291, 20, 4, 1], [74, 1264, 59, 4, 0], [6, 413, 48, 6, 0], [3, 139, 86, 16, 3], [0, 58, 47, 35, 30]]",0.48770407105259683,52,val_qwk,94.66482353210449,2676,results/scenario_5/MMF/dataset_16/dsm_only/4stream/residual_True/fusion_mcmaf/Adamax_lr0.0001_bs128/predictions.csv,results/scenario_5/MMF/dataset_16/dsm_only/4stream/residual_True/fusion_mcmaf/Adamax_lr0.0001_bs128
True,5,dataset_16,dsm_only,4stream,True,True,True,mcmaf,64,MMF,Adamax,0.0001,100,5,0.5403587443946188,0.4900823279603319,0.28388397697769363,0.2969108635360629,0.28095231175357677,0.5909988950741001,0.5863228699551569,0.9428750993184613,0.8972346786248132,0.40373594384844924,0.27158698550926785,0.42137734571756763,0,0,0,0,"[[61, 299, 22, 1, 2], [48, 1292, 58, 2, 1], [2, 422, 47, 2, 0], [1, 140, 87, 17, 2], [0, 57, 47, 37, 29]]",0.4775114921759275,37,val_qwk,102.38912010192871,2676,results/scenario_5/MMF/dataset_16/dsm_only/4stream/residual_True/fusion_mcmaf/Adamax_lr0.0001_bs64/predictions.csv,results/scenario_5/MMF/dataset_16/dsm_only/4stream/residual_True/fusion_mcmaf/Adamax_lr0.0001_bs64
True,5,dataset_16,dsm_only,4stream,True,True,True,mcmaf,256,MMF,Adamax,0.001,100,5,0.5893124065769806,0.5556052303436215,0.38922441409298736,0.4291093742819818,0.39918958161363377,0.6565015299808693,0.523542600896861,0.8911204549172341,0.9076980568011959,0.5300430312484814,0.409597491918941,0.5191899977616605,0,0,0,0,"[[129, 226, 18, 9, 3], [39, 1239, 104, 16, 3], [6, 332, 112, 19, 4], [2, 106, 88, 44, 7], [2, 31, 47, 37, 53]]",0.607271855651337,50,val_qwk,67.82517218589783,2676,results/scenario_5/MMF/dataset_16/dsm_only/4stream/residual_True/fusion_mcmaf/Adamax_lr0.001_bs256/predictions.csv,results/scenario_5/MMF/dataset_16/dsm_only/4stream/residual_True/fusion_mcmaf/Adamax_lr0.001_bs256
True,5,dataset_16,dsm_only,4stream,True,True,True,mcmaf,128,MMF,Adamax,0.001,100,5,0.5575485799701047,0.5212472574599192,0.36377349976333534,0.39355831422539234,0.37007914964470257,0.6259718753146823,0.5650224215246636,0.9262812804237048,0.8998505231689088,0.4957752137997865,0.3601437185595884,0.49368184363920703,0,0,0,0,"[[154, 208, 19, 2, 2], [136, 1188, 69, 7, 1], [11, 383, 70, 7, 2], [3, 129, 85, 26, 4], [2, 46, 44, 24, 54]]",0.5699642320881152,16,val_qwk,44.967347860336304,2676,results/scenario_5/MMF/dataset_16/dsm_only/4stream/residual_True/fusion_mcmaf/Adamax_lr0.001_bs128/predictions.csv,results/scenario_5/MMF/dataset_16/dsm_only/4stream/residual_True/fusion_mcmaf/Adamax_lr0.001_bs128
True,5,dataset_16,dsm_only,4stream,True,True,True,mcmaf,64,MMF,Adamax,0.001,100,5,0.5366218236173393,0.5622410057091486,0.35663309655408837,0.38062935082689014,0.36063083562720505,0.6189371326802522,0.5672645739910314,0.8992606163973204,0.9114349775784754,0.5105284084454469,0.36665822661659186,0.47802666424655854,0,0,0,0,"[[48, 300, 29, 5, 3], [6, 1116, 242, 32, 5], [0, 269, 173, 29, 2], [0, 83, 107, 47, 10], [1, 23, 54, 40, 52]]",0.5762446040179996,19,val_qwk,66.29665875434875,2676,results/scenario_5/MMF/dataset_16/dsm_only/4stream/residual_True/fusion_mcmaf/Adamax_lr0.001_bs64/predictions.csv,results/scenario_5/MMF/dataset_16/dsm_only/4stream/residual_True/fusion_mcmaf/Adamax_lr0.001_bs64
